#include <cstddef>
static const char default_actions[] = 
    "\xEF\xBB\xBF\x3C\x3F\x78\x6D\x6C\x20\x76\x65\x72\x73\x69\x6F\x6E"
    "\x3D\x22\x31\x2E\x30\x22\x20\x65\x6E\x63\x6F\x64\x69\x6E\x67\x3D"
    "\x22\x55\x54\x46\x2D\x38\x22\x20\x3F\x3E\x0D\x0A\x3C\x4D\x61\x73"
    "\x63\x6F\x74\x20\x78\x6D\x6C\x6E\x73\x3D\x22\x68\x74\x74\x70\x3A"
    "\x2F\x2F\x77\x77\x77\x2E\x67\x72\x6F\x75\x70\x2D\x66\x69\x6E\x69"
    "\x74\x79\x2E\x63\x6F\x6D\x2F\x4D\x61\x73\x63\x6F\x74\x22\x20\x78"
    "\x6D\x6C\x6E\x73\x3A\x78\x73\x69\x3D\x22\x68\x74\x74\x70\x3A\x2F"
    "\x2F\x77\x77\x77\x2E\x77\x33\x2E\x6F\x72\x67\x2F\x32\x30\x30\x31"
    "\x2F\x58\x4D\x4C\x53\x63\x68\x65\x6D\x61\x2D\x69\x6E\x73\x74\x61"
    "\x6E\x63\x65\x22\x0D\x0A\x09\x78\x73\x69\x3A\x73\x63\x68\x65\x6D"
    "\x61\x4C\x6F\x63\x61\x74\x69\x6F\x6E\x3D\x22\x68\x74\x74\x70\x3A"
    "\x2F\x2F\x77\x77\x77\x2E\x67\x72\x6F\x75\x70\x2D\x66\x69\x6E\x69"
    "\x74\x79\x2E\x63\x6F\x6D\x2F\x4D\x61\x73\x63\x6F\x74\x20\x4D\x61"
    "\x73\x63\x6F\x74\x2E\x78\x73\x64\x22\x3E\x0D\x0A\x0D\x0A\x09\x3C"
    "\x41\x63\x74\x69\x6F\x6E\x4C\x69\x73\x74\x3E\x0D\x0A\x09\x09\x3C"
    "\x41\x63\x74\x69\x6F\x6E\x20\x4E\x61\x6D\x65\x3D\x22\x4C\x6F\x6F"
    "\x6B\x22\x20\x54\x79\x70\x65\x3D\x22\x45\x6D\x62\x65\x64\x64\x65"
    "\x64\x22\x20\x43\x6C\x61\x73\x73\x3D\x22\x63\x6F\x6D\x2E\x67\x72"
    "\x6F\x75\x70\x5F\x66\x69\x6E\x69\x74\x79\x2E\x6D\x61\x73\x63\x6F"
    "\x74\x2E\x61\x63\x74\x69\x6F\x6E\x2E\x4C\x6F\x6F\x6B\x22\x20\x2F"
    "\x3E\x0D\x0A\x09\x09\x3C\x41\x63\x74\x69\x6F\x6E\x20\x4E\x61\x6D"
    "\x65\x3D\x22\x4F\x66\x66\x73\x65\x74\x22\x20\x54\x79\x70\x65\x3D"
    "\x22\x45\x6D\x62\x65\x64\x64\x65\x64\x22\x20\x43\x6C\x61\x73\x73"
    "\x3D\x22\x63\x6F\x6D\x2E\x67\x72\x6F\x75\x70\x5F\x66\x69\x6E\x69"
    "\x74\x79\x2E\x6D\x61\x73\x63\x6F\x74\x2E\x61\x63\x74\x69\x6F\x6E"
    "\x2E\x4F\x66\x66\x73\x65\x74\x22\x20\x2F\x3E\x0D\x0A\x0D\x0A\x09"
    "\x09\x3C\x21\x2D\x2D\x20\x53\x74\x61\x6E\x64\x69\x6E\x67\x20\x2D"
    "\x2D\x3E\x0D\x0A\x0D\x0A\x09\x09\x3C\x41\x63\x74\x69\x6F\x6E\x20"
    "\x4E\x61\x6D\x65\x3D\x22\x53\x74\x61\x6E\x64\x22\x20\x54\x79\x70"
    "\x65\x3D\x22\x53\x74\x61\x79\x22\x20\x42\x6F\x72\x64\x65\x72\x54"
    "\x79\x70\x65\x3D\x22\x46\x6C\x6F\x6F\x72\x22\x3E\x0D\x0A\x09\x09"
    "\x09\x3C\x41\x6E\x69\x6D\x61\x74\x69\x6F\x6E\x3E\x0D\x0A\x09\x09"
    "\x09\x09\x3C\x50\x6F\x73\x65\x20\x49\x6D\x61\x67\x65\x3D\x22\x2F"
    "\x73\x68\x69\x6D\x65\x31\x2E\x70\x6E\x67\x22\x20\x49\x6D\x61\x67"
    "\x65\x41\x6E\x63\x68\x6F\x72\x3D\x22\x36\x34\x2C\x31\x32\x38\x22"
    "\x20\x56\x65\x6C\x6F\x63\x69\x74\x79\x3D\x22\x30\x2C\x30\x22\x20"
    "\x44\x75\x72\x61\x74\x69\x6F\x6E\x3D\x22\x32\x35\x30\x22\x20\x2F"
    "\x3E\x0D\x0A\x09\x09\x09\x3C\x2F\x41\x6E\x69\x6D\x61\x74\x69\x6F"
    "\x6E\x3E\x0D\x0A\x09\x09\x3C\x2F\x41\x63\x74\x69\x6F\x6E\x3E\x0D"
    "\x0A\x0D\x0A\x09\x09\x3C\x41\x63\x74\x69\x6F\x6E\x20\x4E\x61\x6D"
    "\x65\x3D\x22\x57\x61\x6C\x6B\x22\x20\x54\x79\x70\x65\x3D\x22\x4D"
    "\x6F\x76\x65\x22\x20\x42\x6F\x72\x64\x65\x72\x54\x79\x70\x65\x3D"
    "\x22\x46\x6C\x6F\x6F\x72\x22\x3E\x0D\x0A\x09\x09\x09\x3C\x41\x6E"
    "\x69\x6D\x61\x74\x69\x6F\x6E\x3E\x0D\x0A\x09\x09\x09\x09\x3C\x50"
    "\x6F\x73\x65\x20\x49\x6D\x61\x67\x65\x3D\x22\x2F\x73\x68\x69\x6D"
    "\x65\x31\x2E\x70\x6E\x67\x22\x20\x49\x6D\x61\x67\x65\x41\x6E\x63"
    "\x68\x6F\x72\x3D\x22\x36\x34\x2C\x31\x32\x38\x22\x20\x56\x65\x6C"
    "\x6F\x63\x69\x74\x79\x3D\x22\x2D\x32\x2C\x30\x22\x20\x44\x75\x72"
    "\x61\x74\x69\x6F\x6E\x3D\x22\x36\x22\x20\x2F\x3E\x0D\x0A\x09\x09"
    "\x09\x09\x3C\x50\x6F\x73\x65\x20\x49\x6D\x61\x67\x65\x3D\x22\x2F"
    "\x73\x68\x69\x6D\x65\x32\x2E\x70\x6E\x67\x22\x20\x49\x6D\x61\x67"
    "\x65\x41\x6E\x63\x68\x6F\x72\x3D\x22\x36\x34\x2C\x31\x32\x38\x22"
    "\x20\x56\x65\x6C\x6F\x63\x69\x74\x79\x3D\x22\x2D\x32\x2C\x30\x22"
    "\x20\x44\x75\x72\x61\x74\x69\x6F\x6E\x3D\x22\x36\x22\x20\x2F\x3E"
    "\x0D\x0A\x09\x09\x09\x09\x3C\x50\x6F\x73\x65\x20\x49\x6D\x61\x67"
    "\x65\x3D\x22\x2F\x73\x68\x69\x6D\x65\x31\x2E\x70\x6E\x67\x22\x20"
    "\x49\x6D\x61\x67\x65\x41\x6E\x63\x68\x6F\x72\x3D\x22\x36\x34\x2C"
    "\x31\x32\x38\x22\x20\x56\x65\x6C\x6F\x63\x69\x74\x79\x3D\x22\x2D"
    "\x32\x2C\x30\x22\x20\x44\x75\x72\x61\x74\x69\x6F\x6E\x3D\x22\x36"
    "\x22\x20\x2F\x3E\x0D\x0A\x09\x09\x09\x09\x3C\x50\x6F\x73\x65\x20"
    "\x49\x6D\x61\x67\x65\x3D\x22\x2F\x73\x68\x69\x6D\x65\x33\x2E\x70"
    "\x6E\x67\x22\x20\x49\x6D\x61\x67\x65\x41\x6E\x63\x68\x6F\x72\x3D"
    "\x22\x36\x34\x2C\x31\x32\x38\x22\x20\x56\x65\x6C\x6F\x63\x69\x74"
    "\x79\x3D\x22\x2D\x32\x2C\x30\x22\x20\x44\x75\x72\x61\x74\x69\x6F"
    "\x6E\x3D\x22\x36\x22\x20\x2F\x3E\x0D\x0A\x09\x09\x09\x3C\x2F\x41"
    "\x6E\x69\x6D\x61\x74\x69\x6F\x6E\x3E\x0D\x0A\x09\x09\x3C\x2F\x41"
    "\x63\x74\x69\x6F\x6E\x3E\x0D\x0A\x0D\x0A\x09\x09\x3C\x41\x63\x74"
    "\x69\x6F\x6E\x20\x4E\x61\x6D\x65\x3D\x22\x52\x75\x6E\x22\x20\x54"
    "\x79\x70\x65\x3D\x22\x4D\x6F\x76\x65\x22\x20\x42\x6F\x72\x64\x65"
    "\x72\x54\x79\x70\x65\x3D\x22\x46\x6C\x6F\x6F\x72\x22\x3E\x0D\x0A"
    "\x09\x09\x09\x3C\x41\x6E\x69\x6D\x61\x74\x69\x6F\x6E\x3E\x0D\x0A"
    "\x09\x09\x09\x09\x3C\x50\x6F\x73\x65\x20\x49\x6D\x61\x67\x65\x3D"
    "\x22\x2F\x73\x68\x69\x6D\x65\x31\x2E\x70\x6E\x67\x22\x20\x49\x6D"
    "\x61\x67\x65\x41\x6E\x63\x68\x6F\x72\x3D\x22\x36\x34\x2C\x31\x32"
    "\x38\x22\x20\x56\x65\x6C\x6F\x63\x69\x74\x79\x3D\x22\x2D\x34\x2C"
    "\x30\x22\x20\x44\x75\x72\x61\x74\x69\x6F\x6E\x3D\x22\x32\x22\x20"
    "\x2F\x3E\x0D\x0A\x09\x09\x09\x09\x3C\x50\x6F\x73\x65\x20\x49\x6D"
    "\x61\x67\x65\x3D\x22\x2F\x73\x68\x69\x6D\x65\x32\x2E\x70\x6E\x67"
    "\x22\x20\x49\x6D\x61\x67\x65\x41\x6E\x63\x68\x6F\x72\x3D\x22\x36"
    "\x34\x2C\x31\x32\x38\x22\x20\x56\x65\x6C\x6F\x63\x69\x74\x79\x3D"
    "\x22\x2D\x34\x2C\x30\x22\x20\x44\x75\x72\x61\x74\x69\x6F\x6E\x3D"
    "\x22\x32\x22\x20\x2F\x3E\x0D\x0A\x09\x09\x09\x09\x3C\x50\x6F\x73"
    "\x65\x20\x49\x6D\x61\x67\x65\x3D\x22\x2F\x73\x68\x69\x6D\x65\x31"
    "\x2E\x70\x6E\x67\x22\x20\x49\x6D\x61\x67\x65\x41\x6E\x63\x68\x6F"
    "\x72\x3D\x22\x36\x34\x2C\x31\x32\x38\x22\x20\x56\x65\x6C\x6F\x63"
    "\x69\x74\x79\x3D\x22\x2D\x34\x2C\x30\x22\x20\x44\x75\x72\x61\x74"
    "\x69\x6F\x6E\x3D\x22\x32\x22\x20\x2F\x3E\x0D\x0A\x09\x09\x09\x09"
    "\x3C\x50\x6F\x73\x65\x20\x49\x6D\x61\x67\x65\x3D\x22\x2F\x73\x68"
    "\x69\x6D\x65\x33\x2E\x70\x6E\x67\x22\x20\x49\x6D\x61\x67\x65\x41"
    "\x6E\x63\x68\x6F\x72\x3D\x22\x36\x34\x2C\x31\x32\x38\x22\x20\x56"
    "\x65\x6C\x6F\x63\x69\x74\x79\x3D\x22\x2D\x34\x2C\x30\x22\x20\x44"
    "\x75\x72\x61\x74\x69\x6F\x6E\x3D\x22\x32\x22\x20\x2F\x3E\x0D\x0A"
    "\x09\x09\x09\x3C\x2F\x41\x6E\x69\x6D\x61\x74\x69\x6F\x6E\x3E\x0D"
    "\x0A\x09\x09\x3C\x2F\x41\x63\x74\x69\x6F\x6E\x3E\x0D\x0A\x0D\x0A"
    "\x09\x09\x3C\x41\x63\x74\x69\x6F\x6E\x20\x4E\x61\x6D\x65\x3D\x22"
    "\x44\x61\x73\x68\x22\x20\x54\x79\x70\x65\x3D\x22\x4D\x6F\x76\x65"
    "\x22\x20\x42\x6F\x72\x64\x65\x72\x54\x79\x70\x65\x3D\x22\x46\x6C"
    "\x6F\x6F\x72\x22\x3E\x0D\x0A\x09\x09\x09\x3C\x41\x6E\x69\x6D\x61"
    "\x74\x69\x6F\x6E\x3E\x0D\x0A\x09\x09\x09\x09\x3C\x50\x6F\x73\x65"
    "\x20\x49\x6D\x61\x67\x65\x3D\x22\x2F\x73\x68\x69\x6D\x65\x31\x2E"
    "\x70\x6E\x67\x22\x20\x49\x6D\x61\x67\x65\x41\x6E\x63\x68\x6F\x72"
    "\x3D\x22\x36\x34\x2C\x31\x32\x38\x22\x20\x56\x65\x6C\x6F\x63\x69"
    "\x74\x79\x3D\x22\x2D\x38\x2C\x30\x22\x20\x44\x75\x72\x61\x74\x69"
    "\x6F\x6E\x3D\x22\x32\x22\x20\x2F\x3E\x0D\x0A\x09\x09\x09\x09\x3C"
    "\x50\x6F\x73\x65\x20\x49\x6D\x61\x67\x65\x3D\x22\x2F\x73\x68\x69"
    "\x6D\x65\x32\x2E\x70\x6E\x67\x22\x20\x49\x6D\x61\x67\x65\x41\x6E"
    "\x63\x68\x6F\x72\x3D\x22\x36\x34\x2C\x31\x32\x38\x22\x20\x56\x65"
    "\x6C\x6F\x63\x69\x74\x79\x3D\x22\x2D\x38\x2C\x30\x22\x20\x44\x75"
    "\x72\x61\x74\x69\x6F\x6E\x3D\x22\x32\x22\x20\x2F\x3E\x0D\x0A\x09"
    "\x09\x09\x09\x3C\x50\x6F\x73\x65\x20\x49\x6D\x61\x67\x65\x3D\x22"
    "\x2F\x73\x68\x69\x6D\x65\x31\x2E\x70\x6E\x67\x22\x20\x49\x6D\x61"
    "\x67\x65\x41\x6E\x63\x68\x6F\x72\x3D\x22\x36\x34\x2C\x31\x32\x38"
    "\x22\x20\x56\x65\x6C\x6F\x63\x69\x74\x79\x3D\x22\x2D\x38\x2C\x30"
    "\x22\x20\x44\x75\x72\x61\x74\x69\x6F\x6E\x3D\x22\x32\x22\x20\x2F"
    "\x3E\x0D\x0A\x09\x09\x09\x09\x3C\x50\x6F\x73\x65\x20\x49\x6D\x61"
    "\x67\x65\x3D\x22\x2F\x73\x68\x69\x6D\x65\x33\x2E\x70\x6E\x67\x22"
    "\x20\x49\x6D\x61\x67\x65\x41\x6E\x63\x68\x6F\x72\x3D\x22\x36\x34"
    "\x2C\x31\x32\x38\x22\x20\x56\x65\x6C\x6F\x63\x69\x74\x79\x3D\x22"
    "\x2D\x38\x2C\x30\x22\x20\x44\x75\x72\x61\x74\x69\x6F\x6E\x3D\x22"
    "\x32\x22\x20\x2F\x3E\x0D\x0A\x09\x09\x09\x3C\x2F\x41\x6E\x69\x6D"
    "\x61\x74\x69\x6F\x6E\x3E\x0D\x0A\x09\x09\x3C\x2F\x41\x63\x74\x69"
    "\x6F\x6E\x3E\x0D\x0A\x0D\x0A\x09\x09\x3C\x21\x2D\x2D\x20\x53\x69"
    "\x74\x74\x69\x6E\x67\x20\x2D\x2D\x3E\x0D\x0A\x0D\x0A\x09\x09\x3C"
    "\x41\x63\x74\x69\x6F\x6E\x20\x4E\x61\x6D\x65\x3D\x22\x53\x69\x74"
    "\x22\x20\x54\x79\x70\x65\x3D\x22\x53\x74\x61\x79\x22\x20\x42\x6F"
    "\x72\x64\x65\x72\x54\x79\x70\x65\x3D\x22\x46\x6C\x6F\x6F\x72\x22"
    "\x3E\x0D\x0A\x09\x09\x09\x3C\x41\x6E\x69\x6D\x61\x74\x69\x6F\x6E"
    "\x3E\x0D\x0A\x09\x09\x09\x09\x3C\x50\x6F\x73\x65\x20\x49\x6D\x61"
    "\x67\x65\x3D\x22\x2F\x73\x68\x69\x6D\x65\x31\x31\x2E\x70\x6E\x67"
    "\x22\x20\x49\x6D\x61\x67\x65\x41\x6E\x63\x68\x6F\x72\x3D\x22\x36"
    "\x34\x2C\x31\x32\x38\x22\x20\x56\x65\x6C\x6F\x63\x69\x74\x79\x3D"
    "\x22\x30\x2C\x30\x22\x20\x44\x75\x72\x61\x74\x69\x6F\x6E\x3D\x22"
    "\x32\x35\x30\x22\x20\x2F\x3E\x0D\x0A\x09\x09\x09\x3C\x2F\x41\x6E"
    "\x69\x6D\x61\x74\x69\x6F\x6E\x3E\x0D\x0A\x09\x09\x3C\x2F\x41\x63"
    "\x74\x69\x6F\x6E\x3E\x0D\x0A\x09\x09\x3C\x41\x63\x74\x69\x6F\x6E"
    "\x20\x4E\x61\x6D\x65\x3D\x22\x53\x69\x74\x41\x6E\x64\x4C\x6F\x6F"
    "\x6B\x55\x70\x22\x20\x54\x79\x70\x65\x3D\x22\x53\x74\x61\x79\x22"
    "\x20\x42\x6F\x72\x64\x65\x72\x54\x79\x70\x65\x3D\x22\x46\x6C\x6F"
    "\x6F\x72\x22\x3E\x0D\x0A\x09\x09\x09\x3C\x41\x6E\x69\x6D\x61\x74"
    "\x69\x6F\x6E\x3E\x0D\x0A\x09\x09\x09\x09\x3C\x50\x6F\x73\x65\x20"
    "\x49\x6D\x61\x67\x65\x3D\x22\x2F\x73\x68\x69\x6D\x65\x32\x36\x2E"
    "\x70\x6E\x67\x22\x20\x49\x6D\x61\x67\x65\x41\x6E\x63\x68\x6F\x72"
    "\x3D\x22\x36\x34\x2C\x31\x32\x38\x22\x20\x56\x65\x6C\x6F\x63\x69"
    "\x74\x79\x3D\x22\x30\x2C\x30\x22\x20\x44\x75\x72\x61\x74\x69\x6F"
    "\x6E\x3D\x22\x32\x35\x30\x22\x20\x2F\x3E\x0D\x0A\x09\x09\x09\x3C"
    "\x2F\x41\x6E\x69\x6D\x61\x74\x69\x6F\x6E\x3E\x0D\x0A\x09\x09\x3C"
    "\x2F\x41\x63\x74\x69\x6F\x6E\x3E\x0D\x0A\x0D\x0A\x09\x09\x3C\x41"
    "\x63\x74\x69\x6F\x6E\x20\x4E\x61\x6D\x65\x3D\x22\x53\x69\x74\x41"
    "\x6E\x64\x4C\x6F\x6F\x6B\x41\x74\x4D\x6F\x75\x73\x65\x22\x20\x54"
    "\x79\x70\x65\x3D\x22\x53\x74\x61\x79\x22\x20\x42\x6F\x72\x64\x65"
    "\x72\x54\x79\x70\x65\x3D\x22\x46\x6C\x6F\x6F\x72\x22\x3E\x0D\x0A"
    "\x09\x09\x09\x3C\x41\x6E\x69\x6D\x61\x74\x69\x6F\x6E\x20\x43\x6F"
    "\x6E\x64\x69\x74\x69\x6F\x6E\x3D\x22\x23\x7B\x6D\x61\x73\x63\x6F"
    "\x74\x2E\x65\x6E\x76\x69\x72\x6F\x6E\x6D\x65\x6E\x74\x2E\x63\x75"
    "\x72\x73\x6F\x72\x2E\x79\x20\x26\x6C\x74\x3B\x20\x6D\x61\x73\x63"
    "\x6F\x74\x2E\x65\x6E\x76\x69\x72\x6F\x6E\x6D\x65\x6E\x74\x2E\x73"
    "\x63\x72\x65\x65\x6E\x2E\x68\x65\x69\x67\x68\x74\x2F\x32\x7D\x22"
    "\x3E\x0D\x0A\x09\x09\x09\x09\x3C\x50\x6F\x73\x65\x20\x49\x6D\x61"
    "\x67\x65\x3D\x22\x2F\x73\x68\x69\x6D\x65\x32\x36\x2E\x70\x6E\x67"
    "\x22\x20\x49\x6D\x61\x67\x65\x41\x6E\x63\x68\x6F\x72\x3D\x22\x36"
    "\x34\x2C\x31\x32\x38\x22\x20\x56\x65\x6C\x6F\x63\x69\x74\x79\x3D"
    "\x22\x30\x2C\x30\x22\x20\x44\x75\x72\x61\x74\x69\x6F\x6E\x3D\x22"
    "\x32\x35\x30\x22\x20\x2F\x3E\x0D\x0A\x09\x09\x09\x3C\x2F\x41\x6E"
    "\x69\x6D\x61\x74\x69\x6F\x6E\x3E\x0D\x0A\x09\x09\x09\x3C\x41\x6E"
    "\x69\x6D\x61\x74\x69\x6F\x6E\x3E\x0D\x0A\x09\x09\x09\x09\x3C\x50"
    "\x6F\x73\x65\x20\x49\x6D\x61\x67\x65\x3D\x22\x2F\x73\x68\x69\x6D"
    "\x65\x31\x31\x2E\x70\x6E\x67\x22\x20\x49\x6D\x61\x67\x65\x41\x6E"
    "\x63\x68\x6F\x72\x3D\x22\x36\x34\x2C\x31\x32\x38\x22\x20\x56\x65"
    "\x6C\x6F\x63\x69\x74\x79\x3D\x22\x30\x2C\x30\x22\x20\x44\x75\x72"
    "\x61\x74\x69\x6F\x6E\x3D\x22\x32\x35\x30\x22\x20\x2F\x3E\x0D\x0A"
    "\x09\x09\x09\x3C\x2F\x41\x6E\x69\x6D\x61\x74\x69\x6F\x6E\x3E\x0D"
    "\x0A\x09\x09\x3C\x2F\x41\x63\x74\x69\x6F\x6E\x3E\x0D\x0A\x0D\x0A"
    "\x09\x09\x3C\x41\x63\x74\x69\x6F\x6E\x20\x4E\x61\x6D\x65\x3D\x22"
    "\x53\x69\x74\x41\x6E\x64\x53\x70\x69\x6E\x48\x65\x61\x64\x41\x63"
    "\x74\x69\x6F\x6E\x22\x20\x54\x79\x70\x65\x3D\x22\x41\x6E\x69\x6D"
    "\x61\x74\x65\x22\x20\x42\x6F\x72\x64\x65\x72\x54\x79\x70\x65\x3D"
    "\x22\x46\x6C\x6F\x6F\x72\x22\x3E\x0D\x0A\x09\x09\x09\x3C\x41\x6E"
    "\x69\x6D\x61\x74\x69\x6F\x6E\x3E\x0D\x0A\x09\x09\x09\x09\x3C\x50"
    "\x6F\x73\x65\x20\x49\x6D\x61\x67\x65\x3D\x22\x2F\x73\x68\x69\x6D"
    "\x65\x32\x36\x2E\x70\x6E\x67\x22\x20\x49\x6D\x61\x67\x65\x41\x6E"
    "\x63\x68\x6F\x72\x3D\x22\x36\x34\x2C\x31\x32\x38\x22\x20\x56\x65"
    "\x6C\x6F\x63\x69\x74\x79\x3D\x22\x30\x2C\x30\x22\x20\x44\x75\x72"
    "\x61\x74\x69\x6F\x6E\x3D\x22\x35\x22\x20\x2F\x3E\x0D\x0A\x09\x09"
    "\x09\x09\x3C\x50\x6F\x73\x65\x20\x49\x6D\x61\x67\x65\x3D\x22\x2F"
    "\x73\x68\x69\x6D\x65\x31\x35\x2E\x70\x6E\x67\x22\x20\x49\x6D\x61"
    "\x67\x65\x41\x6E\x63\x68\x6F\x72\x3D\x22\x36\x34\x2C\x31\x32\x38"
    "\x22\x20\x56\x65\x6C\x6F\x63\x69\x74\x79\x3D\x22\x30\x2C\x30\x22"
    "\x20\x44\x75\x72\x61\x74\x69\x6F\x6E\x3D\x22\x35\x22\x20\x2F\x3E"
    "\x0D\x0A\x09\x09\x09\x09\x3C\x50\x6F\x73\x65\x20\x49\x6D\x61\x67"
    "\x65\x3D\x22\x2F\x73\x68\x69\x6D\x65\x32\x37\x2E\x70\x6E\x67\x22"
    "\x20\x49\x6D\x61\x67\x65\x41\x6E\x63\x68\x6F\x72\x3D\x22\x36\x34"
    "\x2C\x31\x32\x38\x22\x20\x56\x65\x6C\x6F\x63\x69\x74\x79\x3D\x22"
    "\x30\x2C\x30\x22\x20\x44\x75\x72\x61\x74\x69\x6F\x6E\x3D\x22\x35"
    "\x22\x20\x2F\x3E\x0D\x0A\x09\x09\x09\x09\x3C\x50\x6F\x73\x65\x20"
    "\x49\x6D\x61\x67\x65\x3D\x22\x2F\x73\x68\x69\x6D\x65\x31\x36\x2E"
    "\x70\x6E\x67\x22\x20\x49\x6D\x61\x67\x65\x41\x6E\x63\x68\x6F\x72"
    "\x3D\x22\x36\x34\x2C\x31\x32\x38\x22\x20\x56\x65\x6C\x6F\x63\x69"
    "\x74\x79\x3D\x22\x30\x2C\x30\x22\x20\x44\x75\x72\x61\x74\x69\x6F"
    "\x6E\x3D\x22\x35\x22\x20\x2F\x3E\x0D\x0A\x09\x09\x09\x09\x3C\x50"
    "\x6F\x73\x65\x20\x49\x6D\x61\x67\x65\x3D\x22\x2F\x73\x68\x69\x6D"
    "\x65\x32\x38\x2E\x70\x6E\x67\x22\x20\x49\x6D\x61\x67\x65\x41\x6E"
    "\x63\x68\x6F\x72\x3D\x22\x36\x34\x2C\x31\x32\x38\x22\x20\x56\x65"
    "\x6C\x6F\x63\x69\x74\x79\x3D\x22\x30\x2C\x30\x22\x20\x44\x75\x72"
    "\x61\x74\x69\x6F\x6E\x3D\x22\x35\x22\x20\x2F\x3E\x0D\x0A\x09\x09"
    "\x09\x09\x3C\x50\x6F\x73\x65\x20\x49\x6D\x61\x67\x65\x3D\x22\x2F"
    "\x73\x68\x69\x6D\x65\x31\x37\x2E\x70\x6E\x67\x22\x20\x49\x6D\x61"
    "\x67\x65\x41\x6E\x63\x68\x6F\x72\x3D\x22\x36\x34\x2C\x31\x32\x38"
    "\x22\x20\x56\x65\x6C\x6F\x63\x69\x74\x79\x3D\x22\x30\x2C\x30\x22"
    "\x20\x44\x75\x72\x61\x74\x69\x6F\x6E\x3D\x22\x35\x22\x20\x2F\x3E"
    "\x0D\x0A\x09\x09\x09\x09\x3C\x50\x6F\x73\x65\x20\x49\x6D\x61\x67"
    "\x65\x3D\x22\x2F\x73\x68\x69\x6D\x65\x32\x39\x2E\x70\x6E\x67\x22"
    "\x20\x49\x6D\x61\x67\x65\x41\x6E\x63\x68\x6F\x72\x3D\x22\x36\x34"
    "\x2C\x31\x32\x38\x22\x20\x56\x65\x6C\x6F\x63\x69\x74\x79\x3D\x22"
    "\x30\x2C\x30\x22\x20\x44\x75\x72\x61\x74\x69\x6F\x6E\x3D\x22\x35"
    "\x22\x20\x2F\x3E\x0D\x0A\x09\x09\x09\x09\x3C\x50\x6F\x73\x65\x20"
    "\x49\x6D\x61\x67\x65\x3D\x22\x2F\x73\x68\x69\x6D\x65\x31\x31\x2E"
    "\x70\x6E\x67\x22\x20\x49\x6D\x61\x67\x65\x41\x6E\x63\x68\x6F\x72"
    "\x3D\x22\x36\x34\x2C\x31\x32\x38\x22\x20\x56\x65\x6C\x6F\x63\x69"
    "\x74\x79\x3D\x22\x30\x2C\x30\x22\x20\x44\x75\x72\x61\x74\x69\x6F"
    "\x6E\x3D\x22\x35\x22\x20\x2F\x3E\x0D\x0A\x09\x09\x09\x3C\x2F\x41"
    "\x6E\x69\x6D\x61\x74\x69\x6F\x6E\x3E\x0D\x0A\x09\x09\x3C\x2F\x41"
    "\x63\x74\x69\x6F\x6E\x3E\x0D\x0A\x0D\x0A\x09\x09\x3C\x41\x63\x74"
    "\x69\x6F\x6E\x20\x4E\x61\x6D\x65\x3D\x22\x53\x69\x74\x57\x69\x74"
    "\x68\x4C\x65\x67\x73\x55\x70\x22\x20\x54\x79\x70\x65\x3D\x22\x53"
    "\x74\x61\x79\x22\x20\x42\x6F\x72\x64\x65\x72\x54\x79\x70\x65\x3D"
    "\x22\x46\x6C\x6F\x6F\x72\x22\x3E\x0D\x0A\x09\x09\x09\x3C\x41\x6E"
    "\x69\x6D\x61\x74\x69\x6F\x6E\x3E\x0D\x0A\x09\x09\x09\x09\x3C\x50"
    "\x6F\x73\x65\x20\x49\x6D\x61\x67\x65\x3D\x22\x2F\x73\x68\x69\x6D"
    "\x65\x33\x30\x2E\x70\x6E\x67\x22\x20\x49\x6D\x61\x67\x65\x41\x6E"
    "\x63\x68\x6F\x72\x3D\x22\x36\x34\x2C\x31\x31\x32\x22\x20\x56\x65"
    "\x6C\x6F\x63\x69\x74\x79\x3D\x22\x30\x2C\x30\x22\x20\x44\x75\x72"
    "\x61\x74\x69\x6F\x6E\x3D\x22\x32\x35\x30\x22\x20\x2F\x3E\x0D\x0A"
    "\x09\x09\x09\x3C\x2F\x41\x6E\x69\x6D\x61\x74\x69\x6F\x6E\x3E\x0D"
    "\x0A\x09\x09\x3C\x2F\x41\x63\x74\x69\x6F\x6E\x3E\x0D\x0A\x0D\x0A"
    "\x09\x09\x3C\x41\x63\x74\x69\x6F\x6E\x20\x4E\x61\x6D\x65\x3D\x22"
    "\x53\x69\x74\x57\x69\x74\x68\x4C\x65\x67\x73\x44\x6F\x77\x6E\x22"
    "\x20\x54\x79\x70\x65\x3D\x22\x53\x74\x61\x79\x22\x20\x42\x6F\x72"
    "\x64\x65\x72\x54\x79\x70\x65\x3D\x22\x46\x6C\x6F\x6F\x72\x22\x3E"
    "\x0D\x0A\x09\x09\x09\x3C\x41\x6E\x69\x6D\x61\x74\x69\x6F\x6E\x3E"
    "\x0D\x0A\x09\x09\x09\x09\x3C\x50\x6F\x73\x65\x20\x49\x6D\x61\x67"
    "\x65\x3D\x22\x2F\x73\x68\x69\x6D\x65\x33\x31\x2E\x70\x6E\x67\x22"
    "\x20\x49\x6D\x61\x67\x65\x41\x6E\x63\x68\x6F\x72\x3D\x22\x36\x34"
    "\x2C\x31\x31\x32\x22\x20\x56\x65\x6C\x6F\x63\x69\x74\x79\x3D\x22"
    "\x30\x2C\x30\x22\x20\x44\x75\x72\x61\x74\x69\x6F\x6E\x3D\x22\x32"
    "\x35\x30\x22\x20\x2F\x3E\x0D\x0A\x09\x09\x09\x3C\x2F\x41\x6E\x69"
    "\x6D\x61\x74\x69\x6F\x6E\x3E\x0D\x0A\x09\x09\x3C\x2F\x41\x63\x74"
    "\x69\x6F\x6E\x3E\x0D\x0A\x0D\x0A\x09\x09\x3C\x41\x63\x74\x69\x6F"
    "\x6E\x20\x4E\x61\x6D\x65\x3D\x22\x53\x69\x74\x41\x6E\x64\x44\x61"
    "\x6E\x67\x6C\x65\x4C\x65\x67\x73\x22\x20\x54\x79\x70\x65\x3D\x22"
    "\x53\x74\x61\x79\x22\x20\x42\x6F\x72\x64\x65\x72\x54\x79\x70\x65"
    "\x3D\x22\x46\x6C\x6F\x6F\x72\x22\x3E\x0D\x0A\x09\x09\x09\x3C\x41"
    "\x6E\x69\x6D\x61\x74\x69\x6F\x6E\x3E\x0D\x0A\x09\x09\x09\x09\x3C"
    "\x50\x6F\x73\x65\x20\x49\x6D\x61\x67\x65\x3D\x22\x2F\x73\x68\x69"
    "\x6D\x65\x33\x31\x2E\x70\x6E\x67\x22\x20\x49\x6D\x61\x67\x65\x41"
    "\x6E\x63\x68\x6F\x72\x3D\x22\x36\x34\x2C\x31\x31\x32\x22\x20\x56"
    "\x65\x6C\x6F\x63\x69\x74\x79\x3D\x22\x30\x2C\x30\x22\x20\x44\x75"
    "\x72\x61\x74\x69\x6F\x6E\x3D\x22\x35\x22\x20\x2F\x3E\x0D\x0A\x09"
    "\x09\x09\x09\x3C\x50\x6F\x73\x65\x20\x49\x6D\x61\x67\x65\x3D\x22"
    "\x2F\x73\x68\x69\x6D\x65\x33\x32\x2E\x70\x6E\x67\x22\x20\x49\x6D"
    "\x61\x67\x65\x41\x6E\x63\x68\x6F\x72\x3D\x22\x36\x34\x2C\x31\x31"
    "\x32\x22\x20\x56\x65\x6C\x6F\x63\x69\x74\x79\x3D\x22\x30\x2C\x30"
    "\x22\x20\x44\x75\x72\x61\x74\x69\x6F\x6E\x3D\x22\x31\x35\x22\x20"
    "\x2F\x3E\x0D\x0A\x09\x09\x09\x09\x3C\x50\x6F\x73\x65\x20\x49\x6D"
    "\x61\x67\x65\x3D\x22\x2F\x73\x68\x69\x6D\x65\x33\x31\x2E\x70\x6E"
    "\x67\x22\x20\x49\x6D\x61\x67\x65\x41\x6E\x63\x68\x6F\x72\x3D\x22"
    "\x36\x34\x2C\x31\x31\x32\x22\x20\x56\x65\x6C\x6F\x63\x69\x74\x79"
    "\x3D\x22\x30\x2C\x30\x22\x20\x44\x75\x72\x61\x74\x69\x6F\x6E\x3D"
    "\x22\x35\x22\x20\x2F\x3E\x0D\x0A\x09\x09\x09\x09\x3C\x50\x6F\x73"
    "\x65\x20\x49\x6D\x61\x67\x65\x3D\x22\x2F\x73\x68\x69\x6D\x65\x33"
    "\x33\x2E\x70\x6E\x67\x22\x20\x49\x6D\x61\x67\x65\x41\x6E\x63\x68"
    "\x6F\x72\x3D\x22\x36\x34\x2C\x31\x31\x32\x22\x20\x56\x65\x6C\x6F"
    "\x63\x69\x74\x79\x3D\x22\x30\x2C\x30\x22\x20\x44\x75\x72\x61\x74"
    "\x69\x6F\x6E\x3D\x22\x31\x35\x22\x20\x2F\x3E\x0D\x0A\x09\x09\x09"
    "\x3C\x2F\x41\x6E\x69\x6D\x61\x74\x69\x6F\x6E\x3E\x0D\x0A\x09\x09"
    "\x3C\x2F\x41\x63\x74\x69\x6F\x6E\x3E\x0D\x0A\x0D\x0A\x09\x09\x3C"
    "\x21\x2D\x2D\x20\x4C\x61\x79\x69\x6E\x67\x20\x2D\x2D\x3E\x0D\x0A"
    "\x0D\x0A\x09\x09\x3C\x41\x63\x74\x69\x6F\x6E\x20\x4E\x61\x6D\x65"
    "\x3D\x22\x53\x70\x72\x61\x77\x6C\x22\x20\x54\x79\x70\x65\x3D\x22"
    "\x53\x74\x61\x79\x22\x20\x42\x6F\x72\x64\x65\x72\x54\x79\x70\x65"
    "\x3D\x22\x46\x6C\x6F\x6F\x72\x22\x3E\x0D\x0A\x09\x09\x09\x3C\x41"
    "\x6E\x69\x6D\x61\x74\x69\x6F\x6E\x3E\x0D\x0A\x09\x09\x09\x09\x3C"
    "\x50\x6F\x73\x65\x20\x49\x6D\x61\x67\x65\x3D\x22\x2F\x73\x68\x69"
    "\x6D\x65\x32\x31\x2E\x70\x6E\x67\x22\x20\x49\x6D\x61\x67\x65\x41"
    "\x6E\x63\x68\x6F\x72\x3D\x22\x36\x34\x2C\x31\x32\x38\x22\x20\x56"
    "\x65\x6C\x6F\x63\x69\x74\x79\x3D\x22\x30\x2C\x30\x22\x20\x44\x75"
    "\x72\x61\x74\x69\x6F\x6E\x3D\x22\x32\x35\x30\x22\x20\x2F\x3E\x0D"
    "\x0A\x09\x09\x09\x3C\x2F\x41\x6E\x69\x6D\x61\x74\x69\x6F\x6E\x3E"
    "\x0D\x0A\x09\x09\x3C\x2F\x41\x63\x74\x69\x6F\x6E\x3E\x0D\x0A\x0D"
    "\x0A\x09\x09\x3C\x41\x63\x74\x69\x6F\x6E\x20\x4E\x61\x6D\x65\x3D"
    "\x22\x43\x72\x65\x65\x70\x22\x20\x54\x79\x70\x65\x3D\x22\x4D\x6F"
    "\x76\x65\x22\x20\x42\x6F\x72\x64\x65\x72\x54\x79\x70\x65\x3D\x22"
    "\x46\x6C\x6F\x6F\x72\x22\x3E\x0D\x0A\x09\x09\x09\x3C\x41\x6E\x69"
    "\x6D\x61\x74\x69\x6F\x6E\x3E\x0D\x0A\x09\x09\x09\x09\x3C\x50\x6F"
    "\x73\x65\x20\x49\x6D\x61\x67\x65\x3D\x22\x2F\x73\x68\x69\x6D\x65"
    "\x32\x30\x2E\x70\x6E\x67\x22\x20\x49\x6D\x61\x67\x65\x41\x6E\x63"
    "\x68\x6F\x72\x3D\x22\x36\x34\x2C\x31\x32\x38\x22\x20\x56\x65\x6C"
    "\x6F\x63\x69\x74\x79\x3D\x22\x30\x2C\x30\x22\x20\x44\x75\x72\x61"
    "\x74\x69\x6F\x6E\x3D\x22\x32\x38\x22\x20\x2F\x3E\x0D\x0A\x09\x09"
    "\x09\x09\x3C\x50\x6F\x73\x65\x20\x49\x6D\x61\x67\x65\x3D\x22\x2F"
    "\x73\x68\x69\x6D\x65\x32\x30\x2E\x70\x6E\x67\x22\x20\x49\x6D\x61"
    "\x67\x65\x41\x6E\x63\x68\x6F\x72\x3D\x22\x36\x34\x2C\x31\x32\x38"
    "\x22\x20\x56\x65\x6C\x6F\x63\x69\x74\x79\x3D\x22\x2D\x32\x2C\x30"
    "\x22\x20\x44\x75\x72\x61\x74\x69\x6F\x6E\x3D\x22\x34\x22\x20\x2F"
    "\x3E\x0D\x0A\x09\x09\x09\x09\x3C\x50\x6F\x73\x65\x20\x49\x6D\x61"
    "\x67\x65\x3D\x22\x2F\x73\x68\x69\x6D\x65\x32\x31\x2E\x70\x6E\x67"
    "\x22\x20\x49\x6D\x61\x67\x65\x41\x6E\x63\x68\x6F\x72\x3D\x22\x36"
    "\x34\x2C\x31\x32\x38\x22\x20\x56\x65\x6C\x6F\x63\x69\x74\x79\x3D"
    "\x22\x2D\x32\x2C\x30\x22\x20\x44\x75\x72\x61\x74\x69\x6F\x6E\x3D"
    "\x22\x34\x22\x20\x2F\x3E\x0D\x0A\x09\x09\x09\x09\x3C\x50\x6F\x73"
    "\x65\x20\x49\x6D\x61\x67\x65\x3D\x22\x2F\x73\x68\x69\x6D\x65\x32"
    "\x31\x2E\x70\x6E\x67\x22\x20\x49\x6D\x61\x67\x65\x41\x6E\x63\x68"
    "\x6F\x72\x3D\x22\x36\x34\x2C\x31\x32\x38\x22\x20\x56\x65\x6C\x6F"
    "\x63\x69\x74\x79\x3D\x22\x2D\x31\x2C\x30\x22\x20\x44\x75\x72\x61"
    "\x74\x69\x6F\x6E\x3D\x22\x34\x22\x20\x2F\x3E\x0D\x0A\x09\x09\x09"
    "\x09\x3C\x50\x6F\x73\x65\x20\x49\x6D\x61\x67\x65\x3D\x22\x2F\x73"
    "\x68\x69\x6D\x65\x32\x31\x2E\x70\x6E\x67\x22\x20\x49\x6D\x61\x67"
    "\x65\x41\x6E\x63\x68\x6F\x72\x3D\x22\x36\x34\x2C\x31\x32\x38\x22"
    "\x20\x56\x65\x6C\x6F\x63\x69\x74\x79\x3D\x22\x30\x2C\x30\x22\x20"
    "\x44\x75\x72\x61\x74\x69\x6F\x6E\x3D\x22\x32\x34\x22\x20\x2F\x3E"
    "\x0D\x0A\x09\x09\x09\x3C\x2F\x41\x6E\x69\x6D\x61\x74\x69\x6F\x6E"
    "\x3E\x0D\x0A\x09\x09\x3C\x2F\x41\x63\x74\x69\x6F\x6E\x3E\x0D\x0A"
    "\x0D\x0A\x09\x09\x3C\x21\x2D\x2D\x20\x43\x65\x69\x6C\x69\x6E\x67"
    "\x20\x2D\x2D\x3E\x0D\x0A\x0D\x0A\x09\x09\x3C\x41\x63\x74\x69\x6F"
    "\x6E\x20\x4E\x61\x6D\x65\x3D\x22\x47\x72\x61\x62\x43\x65\x69\x6C"
    "\x69\x6E\x67\x22\x20\x54\x79\x70\x65\x3D\x22\x53\x74\x61\x79\x22"
    "\x20\x42\x6F\x72\x64\x65\x72\x54\x79\x70\x65\x3D\x22\x43\x65\x69"
    "\x6C\x69\x6E\x67\x22\x3E\x0D\x0A\x09\x09\x09\x3C\x41\x6E\x69\x6D"
    "\x61\x74\x69\x6F\x6E\x3E\x0D\x0A\x09\x09\x09\x09\x3C\x50\x6F\x73"
    "\x65\x20\x49\x6D\x61\x67\x65\x3D\x22\x2F\x73\x68\x69\x6D\x65\x32"
    "\x33\x2E\x70\x6E\x67\x22\x20\x49\x6D\x61\x67\x65\x41\x6E\x63\x68"
    "\x6F\x72\x3D\x22\x36\x34\x2C\x34\x38\x22\x20\x56\x65\x6C\x6F\x63"
    "\x69\x74\x79\x3D\x22\x30\x2C\x30\x22\x20\x44\x75\x72\x61\x74\x69"
    "\x6F\x6E\x3D\x22\x32\x35\x30\x22\x20\x2F\x3E\x0D\x0A\x09\x09\x09"
    "\x3C\x2F\x41\x6E\x69\x6D\x61\x74\x69\x6F\x6E\x3E\x0D\x0A\x09\x09"
    "\x3C\x2F\x41\x63\x74\x69\x6F\x6E\x3E\x0D\x0A\x09\x09\x0D\x0A\x09"
    "\x09\x3C\x41\x63\x74\x69\x6F\x6E\x20\x4E\x61\x6D\x65\x3D\x22\x43"
    "\x6C\x69\x6D\x62\x43\x65\x69\x6C\x69\x6E\x67\x22\x20\x54\x79\x70"
    "\x65\x3D\x22\x4D\x6F\x76\x65\x22\x20\x42\x6F\x72\x64\x65\x72\x54"
    "\x79\x70\x65\x3D\x22\x43\x65\x69\x6C\x69\x6E\x67\x22\x3E\x0D\x0A"
    "\x09\x09\x09\x3C\x41\x6E\x69\x6D\x61\x74\x69\x6F\x6E\x3E\x0D\x0A"
    "\x09\x09\x09\x09\x3C\x50\x6F\x73\x65\x20\x49\x6D\x61\x67\x65\x3D"
    "\x22\x2F\x73\x68\x69\x6D\x65\x32\x35\x2E\x70\x6E\x67\x22\x20\x49"
    "\x6D\x61\x67\x65\x41\x6E\x63\x68\x6F\x72\x3D\x22\x36\x34\x2C\x34"
    "\x38\x22\x20\x56\x65\x6C\x6F\x63\x69\x74\x79\x3D\x22\x30\x2C\x30"
    "\x22\x20\x44\x75\x72\x61\x74\x69\x6F\x6E\x3D\x22\x31\x36\x22\x20"
    "\x2F\x3E\x0D\x0A\x09\x09\x09\x09\x3C\x50\x6F\x73\x65\x20\x49\x6D"
    "\x61\x67\x65\x3D\x22\x2F\x73\x68\x69\x6D\x65\x32\x35\x2E\x70\x6E"
    "\x67\x22\x20\x49\x6D\x61\x67\x65\x41\x6E\x63\x68\x6F\x72\x3D\x22"
    "\x36\x34\x2C\x34\x38\x22\x20\x56\x65\x6C\x6F\x63\x69\x74\x79\x3D"
    "\x22\x2D\x31\x2C\x30\x22\x20\x44\x75\x72\x61\x74\x69\x6F\x6E\x3D"
    "\x22\x34\x22\x20\x2F\x3E\x0D\x0A\x09\x09\x09\x09\x3C\x50\x6F\x73"
    "\x65\x20\x49\x6D\x61\x67\x65\x3D\x22\x2F\x73\x68\x69\x6D\x65\x32"
    "\x33\x2E\x70\x6E\x67\x22\x20\x49\x6D\x61\x67\x65\x41\x6E\x63\x68"
    "\x6F\x72\x3D\x22\x36\x34\x2C\x34\x38\x22\x20\x56\x65\x6C\x6F\x63"
    "\x69\x74\x79\x3D\x22\x2D\x31\x2C\x30\x22\x20\x44\x75\x72\x61\x74"
    "\x69\x6F\x6E\x3D\x22\x34\x22\x20\x2F\x3E\x0D\x0A\x09\x09\x09\x09"
    "\x3C\x50\x6F\x73\x65\x20\x49\x6D\x61\x67\x65\x3D\x22\x2F\x73\x68"
    "\x69\x6D\x65\x32\x34\x2E\x70\x6E\x67\x22\x20\x49\x6D\x61\x67\x65"
    "\x41\x6E\x63\x68\x6F\x72\x3D\x22\x36\x34\x2C\x34\x38\x22\x20\x56"
    "\x65\x6C\x6F\x63\x69\x74\x79\x3D\x22\x2D\x31\x2C\x30\x22\x20\x44"
    "\x75\x72\x61\x74\x69\x6F\x6E\x3D\x22\x34\x22\x20\x2F\x3E\x0D\x0A"
    "\x09\x09\x09\x09\x3C\x50\x6F\x73\x65\x20\x49\x6D\x61\x67\x65\x3D"
    "\x22\x2F\x73\x68\x69\x6D\x65\x32\x34\x2E\x70\x6E\x67\x22\x20\x49"
    "\x6D\x61\x67\x65\x41\x6E\x63\x68\x6F\x72\x3D\x22\x36\x34\x2C\x34"
    "\x38\x22\x20\x56\x65\x6C\x6F\x63\x69\x74\x79\x3D\x22\x30\x2C\x30"
    "\x22\x20\x44\x75\x72\x61\x74\x69\x6F\x6E\x3D\x22\x31\x36\x22\x20"
    "\x2F\x3E\x0D\x0A\x09\x09\x09\x09\x3C\x50\x6F\x73\x65\x20\x49\x6D"
    "\x61\x67\x65\x3D\x22\x2F\x73\x68\x69\x6D\x65\x32\x34\x2E\x70\x6E"
    "\x67\x22\x20\x49\x6D\x61\x67\x65\x41\x6E\x63\x68\x6F\x72\x3D\x22"
    "\x36\x34\x2C\x34\x38\x22\x20\x56\x65\x6C\x6F\x63\x69\x74\x79\x3D"
    "\x22\x2D\x32\x2C\x30\x22\x20\x44\x75\x72\x61\x74\x69\x6F\x6E\x3D"
    "\x22\x34\x22\x20\x2F\x3E\x0D\x0A\x09\x09\x09\x09\x3C\x50\x6F\x73"
    "\x65\x20\x49\x6D\x61\x67\x65\x3D\x22\x2F\x73\x68\x69\x6D\x65\x32"
    "\x33\x2E\x70\x6E\x67\x22\x20\x49\x6D\x61\x67\x65\x41\x6E\x63\x68"
    "\x6F\x72\x3D\x22\x36\x34\x2C\x34\x38\x22\x20\x56\x65\x6C\x6F\x63"
    "\x69\x74\x79\x3D\x22\x2D\x32\x2C\x30\x22\x20\x44\x75\x72\x61\x74"
    "\x69\x6F\x6E\x3D\x22\x34\x22\x20\x2F\x3E\x0D\x0A\x09\x09\x09\x09"
    "\x3C\x50\x6F\x73\x65\x20\x49\x6D\x61\x67\x65\x3D\x22\x2F\x73\x68"
    "\x69\x6D\x65\x32\x35\x2E\x70\x6E\x67\x22\x20\x49\x6D\x61\x67\x65"
    "\x41\x6E\x63\x68\x6F\x72\x3D\x22\x36\x34\x2C\x34\x38\x22\x20\x56"
    "\x65\x6C\x6F\x63\x69\x74\x79\x3D\x22\x2D\x32\x2C\x30\x22\x20\x44"
    "\x75\x72\x61\x74\x69\x6F\x6E\x3D\x22\x34\x22\x20\x2F\x3E\x0D\x0A"
    "\x09\x09\x09\x3C\x2F\x41\x6E\x69\x6D\x61\x74\x69\x6F\x6E\x3E\x0D"
    "\x0A\x09\x09\x3C\x2F\x41\x63\x74\x69\x6F\x6E\x3E\x0D\x0A\x0D\x0A"
    "\x09\x09\x3C\x21\x2D\x2D\x20\x57\x61\x6C\x6C\x20\x2D\x2D\x3E\x0D"
    "\x0A\x0D\x0A\x09\x09\x3C\x41\x63\x74\x69\x6F\x6E\x20\x4E\x61\x6D"
    "\x65\x3D\x22\x47\x72\x61\x62\x57\x61\x6C\x6C\x22\x20\x54\x79\x70"
    "\x65\x3D\x22\x53\x74\x61\x79\x22\x20\x42\x6F\x72\x64\x65\x72\x54"
    "\x79\x70\x65\x3D\x22\x57\x61\x6C\x6C\x22\x3E\x0D\x0A\x09\x09\x09"
    "\x3C\x41\x6E\x69\x6D\x61\x74\x69\x6F\x6E\x3E\x0D\x0A\x09\x09\x09"
    "\x09\x3C\x50\x6F\x73\x65\x20\x49\x6D\x61\x67\x65\x3D\x22\x2F\x73"
    "\x68\x69\x6D\x65\x31\x33\x2E\x70\x6E\x67\x22\x20\x49\x6D\x61\x67"
    "\x65\x41\x6E\x63\x68\x6F\x72\x3D\x22\x36\x34\x2C\x31\x32\x38\x22"
    "\x20\x56\x65\x6C\x6F\x63\x69\x74\x79\x3D\x22\x30\x2C\x30\x22\x20"
    "\x44\x75\x72\x61\x74\x69\x6F\x6E\x3D\x22\x32\x35\x30\x22\x20\x2F"
    "\x3E\x0D\x0A\x09\x09\x09\x3C\x2F\x41\x6E\x69\x6D\x61\x74\x69\x6F"
    "\x6E\x3E\x0D\x0A\x09\x09\x3C\x2F\x41\x63\x74\x69\x6F\x6E\x3E\x0D"
    "\x0A\x09\x09\x3C\x41\x63\x74\x69\x6F\x6E\x20\x4E\x61\x6D\x65\x3D"
    "\x22\x43\x6C\x69\x6D\x62\x57\x61\x6C\x6C\x22\x20\x54\x79\x70\x65"
    "\x3D\x22\x4D\x6F\x76\x65\x22\x20\x42\x6F\x72\x64\x65\x72\x54\x79"
    "\x70\x65\x3D\x22\x57\x61\x6C\x6C\x22\x3E\x0D\x0A\x09\x09\x09\x3C"
    "\x41\x6E\x69\x6D\x61\x74\x69\x6F\x6E\x20\x43\x6F\x6E\x64\x69\x74"
    "\x69\x6F\x6E\x3D\x22\x23\x7B\x54\x61\x72\x67\x65\x74\x59\x20\x26"
    "\x6C\x74\x3B\x20\x6D\x61\x73\x63\x6F\x74\x2E\x61\x6E\x63\x68\x6F"
    "\x72\x2E\x79\x7D\x22\x3E\x0D\x0A\x09\x09\x09\x09\x3C\x50\x6F\x73"
    "\x65\x20\x49\x6D\x61\x67\x65\x3D\x22\x2F\x73\x68\x69\x6D\x65\x31"
    "\x34\x2E\x70\x6E\x67\x22\x20\x49\x6D\x61\x67\x65\x41\x6E\x63\x68"
    "\x6F\x72\x3D\x22\x36\x34\x2C\x31\x32\x38\x22\x20\x56\x65\x6C\x6F"
    "\x63\x69\x74\x79\x3D\x22\x30\x2C\x30\x22\x20\x44\x75\x72\x61\x74"
    "\x69\x6F\x6E\x3D\x22\x31\x36\x22\x20\x2F\x3E\x0D\x0A\x09\x09\x09"
    "\x09\x3C\x50\x6F\x73\x65\x20\x49\x6D\x61\x67\x65\x3D\x22\x2F\x73"
    "\x68\x69\x6D\x65\x31\x34\x2E\x70\x6E\x67\x22\x20\x49\x6D\x61\x67"
    "\x65\x41\x6E\x63\x68\x6F\x72\x3D\x22\x36\x34\x2C\x31\x32\x38\x22"
    "\x20\x56\x65\x6C\x6F\x63\x69\x74\x79\x3D\x22\x30\x2C\x2D\x31\x22"
    "\x20\x44\x75\x72\x61\x74\x69\x6F\x6E\x3D\x22\x34\x22\x20\x2F\x3E"
    "\x0D\x0A\x09\x09\x09\x09\x3C\x50\x6F\x73\x65\x20\x49\x6D\x61\x67"
    "\x65\x3D\x22\x2F\x73\x68\x69\x6D\x65\x31\x32\x2E\x70\x6E\x67\x22"
    "\x20\x49\x6D\x61\x67\x65\x41\x6E\x63\x68\x6F\x72\x3D\x22\x36\x34"
    "\x2C\x31\x32\x38\x22\x20\x56\x65\x6C\x6F\x63\x69\x74\x79\x3D\x22"
    "\x30\x2C\x2D\x31\x22\x20\x44\x75\x72\x61\x74\x69\x6F\x6E\x3D\x22"
    "\x34\x22\x20\x2F\x3E\x0D\x0A\x09\x09\x09\x09\x3C\x50\x6F\x73\x65"
    "\x20\x49\x6D\x61\x67\x65\x3D\x22\x2F\x73\x68\x69\x6D\x65\x31\x33"
    "\x2E\x70\x6E\x67\x22\x20\x49\x6D\x61\x67\x65\x41\x6E\x63\x68\x6F"
    "\x72\x3D\x22\x36\x34\x2C\x31\x32\x38\x22\x20\x56\x65\x6C\x6F\x63"
    "\x69\x74\x79\x3D\x22\x30\x2C\x2D\x31\x22\x20\x44\x75\x72\x61\x74"
    "\x69\x6F\x6E\x3D\x22\x34\x22\x20\x2F\x3E\x0D\x0A\x09\x09\x09\x09"
    "\x3C\x50\x6F\x73\x65\x20\x49\x6D\x61\x67\x65\x3D\x22\x2F\x73\x68"
    "\x69\x6D\x65\x31\x33\x2E\x70\x6E\x67\x22\x20\x49\x6D\x61\x67\x65"
    "\x41\x6E\x63\x68\x6F\x72\x3D\x22\x36\x34\x2C\x31\x32\x38\x22\x20"
    "\x56\x65\x6C\x6F\x63\x69\x74\x79\x3D\x22\x30\x2C\x30\x22\x20\x44"
    "\x75\x72\x61\x74\x69\x6F\x6E\x3D\x22\x31\x36\x22\x20\x2F\x3E\x0D"
    "\x0A\x09\x09\x09\x09\x3C\x50\x6F\x73\x65\x20\x49\x6D\x61\x67\x65"
    "\x3D\x22\x2F\x73\x68\x69\x6D\x65\x31\x33\x2E\x70\x6E\x67\x22\x20"
    "\x49\x6D\x61\x67\x65\x41\x6E\x63\x68\x6F\x72\x3D\x22\x36\x34\x2C"
    "\x31\x32\x38\x22\x20\x56\x65\x6C\x6F\x63\x69\x74\x79\x3D\x22\x30"
    "\x2C\x2D\x32\x22\x20\x44\x75\x72\x61\x74\x69\x6F\x6E\x3D\x22\x34"
    "\x22\x20\x2F\x3E\x0D\x0A\x09\x09\x09\x09\x3C\x50\x6F\x73\x65\x20"
    "\x49\x6D\x61\x67\x65\x3D\x22\x2F\x73\x68\x69\x6D\x65\x31\x32\x2E"
    "\x70\x6E\x67\x22\x20\x49\x6D\x61\x67\x65\x41\x6E\x63\x68\x6F\x72"
    "\x3D\x22\x36\x34\x2C\x31\x32\x38\x22\x20\x56\x65\x6C\x6F\x63\x69"
    "\x74\x79\x3D\x22\x30\x2C\x2D\x32\x22\x20\x44\x75\x72\x61\x74\x69"
    "\x6F\x6E\x3D\x22\x34\x22\x20\x2F\x3E\x0D\x0A\x09\x09\x09\x09\x3C"
    "\x50\x6F\x73\x65\x20\x49\x6D\x61\x67\x65\x3D\x22\x2F\x73\x68\x69"
    "\x6D\x65\x31\x34\x2E\x70\x6E\x67\x22\x20\x49\x6D\x61\x67\x65\x41"
    "\x6E\x63\x68\x6F\x72\x3D\x22\x36\x34\x2C\x31\x32\x38\x22\x20\x56"
    "\x65\x6C\x6F\x63\x69\x74\x79\x3D\x22\x30\x2C\x2D\x32\x22\x20\x44"
    "\x75\x72\x61\x74\x69\x6F\x6E\x3D\x22\x34\x22\x20\x2F\x3E\x0D\x0A"
    "\x09\x09\x09\x3C\x2F\x41\x6E\x69\x6D\x61\x74\x69\x6F\x6E\x3E\x0D"
    "\x0A\x0D\x0A\x09\x09\x09\x3C\x41\x6E\x69\x6D\x61\x74\x69\x6F\x6E"
    "\x20\x43\x6F\x6E\x64\x69\x74\x69\x6F\x6E\x3D\x22\x23\x7B\x54\x61"
    "\x72\x67\x65\x74\x59\x20\x26\x67\x74\x3B\x3D\x20\x6D\x61\x73\x63"
    "\x6F\x74\x2E\x61\x6E\x63\x68\x6F\x72\x2E\x79\x7D\x22\x3E\x0D\x0A"
    "\x09\x09\x09\x09\x3C\x50\x6F\x73\x65\x20\x49\x6D\x61\x67\x65\x3D"
    "\x22\x2F\x73\x68\x69\x6D\x65\x31\x34\x2E\x70\x6E\x67\x22\x20\x49"
    "\x6D\x61\x67\x65\x41\x6E\x63\x68\x6F\x72\x3D\x22\x36\x34\x2C\x31"
    "\x32\x38\x22\x20\x56\x65\x6C\x6F\x63\x69\x74\x79\x3D\x22\x30\x2C"
    "\x30\x22\x20\x44\x75\x72\x61\x74\x69\x6F\x6E\x3D\x22\x31\x36\x22"
    "\x20\x2F\x3E\x0D\x0A\x09\x09\x09\x09\x3C\x50\x6F\x73\x65\x20\x49"
    "\x6D\x61\x67\x65\x3D\x22\x2F\x73\x68\x69\x6D\x65\x31\x34\x2E\x70"
    "\x6E\x67\x22\x20\x49\x6D\x61\x67\x65\x41\x6E\x63\x68\x6F\x72\x3D"
    "\x22\x36\x34\x2C\x31\x32\x38\x22\x20\x56\x65\x6C\x6F\x63\x69\x74"
    "\x79\x3D\x22\x30\x2C\x32\x22\x20\x44\x75\x72\x61\x74\x69\x6F\x6E"
    "\x3D\x22\x34\x22\x20\x2F\x3E\x0D\x0A\x09\x09\x09\x09\x3C\x50\x6F"
    "\x73\x65\x20\x49\x6D\x61\x67\x65\x3D\x22\x2F\x73\x68\x69\x6D\x65"
    "\x31\x32\x2E\x70\x6E\x67\x22\x20\x49\x6D\x61\x67\x65\x41\x6E\x63"
    "\x68\x6F\x72\x3D\x22\x36\x34\x2C\x31\x32\x38\x22\x20\x56\x65\x6C"
    "\x6F\x63\x69\x74\x79\x3D\x22\x30\x2C\x32\x22\x20\x44\x75\x72\x61"
    "\x74\x69\x6F\x6E\x3D\x22\x34\x22\x20\x2F\x3E\x0D\x0A\x09\x09\x09"
    "\x09\x3C\x50\x6F\x73\x65\x20\x49\x6D\x61\x67\x65\x3D\x22\x2F\x73"
    "\x68\x69\x6D\x65\x31\x33\x2E\x70\x6E\x67\x22\x20\x49\x6D\x61\x67"
    "\x65\x41\x6E\x63\x68\x6F\x72\x3D\x22\x36\x34\x2C\x31\x32\x38\x22"
    "\x20\x56\x65\x6C\x6F\x63\x69\x74\x79\x3D\x22\x30\x2C\x32\x22\x20"
    "\x44\x75\x72\x61\x74\x69\x6F\x6E\x3D\x22\x34\x22\x20\x2F\x3E\x0D"
    "\x0A\x09\x09\x09\x09\x3C\x50\x6F\x73\x65\x20\x49\x6D\x61\x67\x65"
    "\x3D\x22\x2F\x73\x68\x69\x6D\x65\x31\x33\x2E\x70\x6E\x67\x22\x20"
    "\x49\x6D\x61\x67\x65\x41\x6E\x63\x68\x6F\x72\x3D\x22\x36\x34\x2C"
    "\x31\x32\x38\x22\x20\x56\x65\x6C\x6F\x63\x69\x74\x79\x3D\x22\x30"
    "\x2C\x30\x22\x20\x44\x75\x72\x61\x74\x69\x6F\x6E\x3D\x22\x31\x36"
    "\x22\x20\x2F\x3E\x0D\x0A\x09\x09\x09\x09\x3C\x50\x6F\x73\x65\x20"
    "\x49\x6D\x61\x67\x65\x3D\x22\x2F\x73\x68\x69\x6D\x65\x31\x33\x2E"
    "\x70\x6E\x67\x22\x20\x49\x6D\x61\x67\x65\x41\x6E\x63\x68\x6F\x72"
    "\x3D\x22\x36\x34\x2C\x31\x32\x38\x22\x20\x56\x65\x6C\x6F\x63\x69"
    "\x74\x79\x3D\x22\x30\x2C\x31\x22\x20\x44\x75\x72\x61\x74\x69\x6F"
    "\x6E\x3D\x22\x34\x22\x20\x2F\x3E\x0D\x0A\x09\x09\x09\x09\x3C\x50"
    "\x6F\x73\x65\x20\x49\x6D\x61\x67\x65\x3D\x22\x2F\x73\x68\x69\x6D"
    "\x65\x31\x32\x2E\x70\x6E\x67\x22\x20\x49\x6D\x61\x67\x65\x41\x6E"
    "\x63\x68\x6F\x72\x3D\x22\x36\x34\x2C\x31\x32\x38\x22\x20\x56\x65"
    "\x6C\x6F\x63\x69\x74\x79\x3D\x22\x30\x2C\x31\x22\x20\x44\x75\x72"
    "\x61\x74\x69\x6F\x6E\x3D\x22\x34\x22\x20\x2F\x3E\x0D\x0A\x09\x09"
    "\x09\x09\x3C\x50\x6F\x73\x65\x20\x49\x6D\x61\x67\x65\x3D\x22\x2F"
    "\x73\x68\x69\x6D\x65\x31\x34\x2E\x70\x6E\x67\x22\x20\x49\x6D\x61"
    "\x67\x65\x41\x6E\x63\x68\x6F\x72\x3D\x22\x36\x34\x2C\x31\x32\x38"
    "\x22\x20\x56\x65\x6C\x6F\x63\x69\x74\x79\x3D\x22\x30\x2C\x31\x22"
    "\x20\x44\x75\x72\x61\x74\x69\x6F\x6E\x3D\x22\x34\x22\x20\x2F\x3E"
    "\x0D\x0A\x09\x09\x09\x3C\x2F\x41\x6E\x69\x6D\x61\x74\x69\x6F\x6E"
    "\x3E\x0D\x0A\x09\x09\x3C\x2F\x41\x63\x74\x69\x6F\x6E\x3E\x0D\x0A"
    "\x0D\x0A\x09\x09\x3C\x21\x2D\x2D\x20\x49\x45\x20\x2D\x2D\x3E\x0D"
    "\x0A\x0D\x0A\x09\x09\x3C\x41\x63\x74\x69\x6F\x6E\x20\x4E\x61\x6D"
    "\x65\x3D\x22\x46\x61\x6C\x6C\x57\x69\x74\x68\x49\x65\x22\x20\x54"
    "\x79\x70\x65\x3D\x22\x45\x6D\x62\x65\x64\x64\x65\x64\x22\x20\x43"
    "\x6C\x61\x73\x73\x3D\x22\x63\x6F\x6D\x2E\x67\x72\x6F\x75\x70\x5F"
    "\x66\x69\x6E\x69\x74\x79\x2E\x6D\x61\x73\x63\x6F\x74\x2E\x61\x63"
    "\x74\x69\x6F\x6E\x2E\x46\x61\x6C\x6C\x57\x69\x74\x68\x49\x45\x22"
    "\x0D\x0A\x09\x09\x09\x20\x49\x65\x4F\x66\x66\x73\x65\x74\x58\x3D"
    "\x22\x30\x22\x20\x49\x65\x4F\x66\x66\x73\x65\x74\x59\x3D\x22\x2D"
    "\x36\x34\x22\x3E\x0D\x0A\x09\x09\x09\x3C\x41\x6E\x69\x6D\x61\x74"
    "\x69\x6F\x6E\x3E\x0D\x0A\x09\x09\x09\x09\x3C\x50\x6F\x73\x65\x20"
    "\x49\x6D\x61\x67\x65\x3D\x22\x2F\x73\x68\x69\x6D\x65\x33\x36\x2E"
    "\x70\x6E\x67\x22\x20\x49\x6D\x61\x67\x65\x41\x6E\x63\x68\x6F\x72"
    "\x3D\x22\x36\x34\x2C\x31\x32\x38\x22\x20\x56\x65\x6C\x6F\x63\x69"
    "\x74\x79\x3D\x22\x30\x2C\x30\x22\x20\x44\x75\x72\x61\x74\x69\x6F"
    "\x6E\x3D\x22\x32\x35\x30\x22\x20\x2F\x3E\x0D\x0A\x09\x09\x09\x3C"
    "\x2F\x41\x6E\x69\x6D\x61\x74\x69\x6F\x6E\x3E\x0D\x0A\x09\x09\x3C"
    "\x2F\x41\x63\x74\x69\x6F\x6E\x3E\x0D\x0A\x09\x09\x3C\x41\x63\x74"
    "\x69\x6F\x6E\x20\x4E\x61\x6D\x65\x3D\x22\x57\x61\x6C\x6B\x57\x69"
    "\x74\x68\x49\x65\x22\x20\x42\x6F\x72\x64\x65\x72\x54\x79\x70\x65"
    "\x3D\x22\x46\x6C\x6F\x6F\x72\x22\x20\x54\x79\x70\x65\x3D\x22\x45"
    "\x6D\x62\x65\x64\x64\x65\x64\x22\x20\x43\x6C\x61\x73\x73\x3D\x22"
    "\x63\x6F\x6D\x2E\x67\x72\x6F\x75\x70\x5F\x66\x69\x6E\x69\x74\x79"
    "\x2E\x6D\x61\x73\x63\x6F\x74\x2E\x61\x63\x74\x69\x6F\x6E\x2E\x57"
    "\x61\x6C\x6B\x57\x69\x74\x68\x49\x45\x22\x0D\x0A\x09\x09\x09\x20"
    "\x49\x65\x4F\x66\x66\x73\x65\x74\x58\x3D\x22\x30\x22\x20\x49\x65"
    "\x4F\x66\x66\x73\x65\x74\x59\x3D\x22\x2D\x36\x34\x22\x3E\x0D\x0A"
    "\x09\x09\x09\x3C\x41\x6E\x69\x6D\x61\x74\x69\x6F\x6E\x3E\x0D\x0A"
    "\x09\x09\x09\x09\x3C\x50\x6F\x73\x65\x20\x49\x6D\x61\x67\x65\x3D"
    "\x22\x2F\x73\x68\x69\x6D\x65\x33\x34\x2E\x70\x6E\x67\x22\x20\x49"
    "\x6D\x61\x67\x65\x41\x6E\x63\x68\x6F\x72\x3D\x22\x36\x34\x2C\x31"
    "\x32\x38\x22\x20\x56\x65\x6C\x6F\x63\x69\x74\x79\x3D\x22\x2D\x32"
    "\x2C\x30\x22\x20\x44\x75\x72\x61\x74\x69\x6F\x6E\x3D\x22\x36\x22"
    "\x20\x2F\x3E\x0D\x0A\x09\x09\x09\x09\x3C\x50\x6F\x73\x65\x20\x49"
    "\x6D\x61\x67\x65\x3D\x22\x2F\x73\x68\x69\x6D\x65\x33\x35\x2E\x70"
    "\x6E\x67\x22\x20\x49\x6D\x61\x67\x65\x41\x6E\x63\x68\x6F\x72\x3D"
    "\x22\x36\x34\x2C\x31\x32\x38\x22\x20\x56\x65\x6C\x6F\x63\x69\x74"
    "\x79\x3D\x22\x2D\x32\x2C\x30\x22\x20\x44\x75\x72\x61\x74\x69\x6F"
    "\x6E\x3D\x22\x36\x22\x20\x2F\x3E\x0D\x0A\x09\x09\x09\x09\x3C\x50"
    "\x6F\x73\x65\x20\x49\x6D\x61\x67\x65\x3D\x22\x2F\x73\x68\x69\x6D"
    "\x65\x33\x34\x2E\x70\x6E\x67\x22\x20\x49\x6D\x61\x67\x65\x41\x6E"
    "\x63\x68\x6F\x72\x3D\x22\x36\x34\x2C\x31\x32\x38\x22\x20\x56\x65"
    "\x6C\x6F\x63\x69\x74\x79\x3D\x22\x2D\x32\x2C\x30\x22\x20\x44\x75"
    "\x72\x61\x74\x69\x6F\x6E\x3D\x22\x36\x22\x20\x2F\x3E\x0D\x0A\x09"
    "\x09\x09\x09\x3C\x50\x6F\x73\x65\x20\x49\x6D\x61\x67\x65\x3D\x22"
    "\x2F\x73\x68\x69\x6D\x65\x33\x36\x2E\x70\x6E\x67\x22\x20\x49\x6D"
    "\x61\x67\x65\x41\x6E\x63\x68\x6F\x72\x3D\x22\x36\x34\x2C\x31\x32"
    "\x38\x22\x20\x56\x65\x6C\x6F\x63\x69\x74\x79\x3D\x22\x2D\x32\x2C"
    "\x30\x22\x20\x44\x75\x72\x61\x74\x69\x6F\x6E\x3D\x22\x36\x22\x20"
    "\x2F\x3E\x0D\x0A\x09\x09\x09\x3C\x2F\x41\x6E\x69\x6D\x61\x74\x69"
    "\x6F\x6E\x3E\x0D\x0A\x09\x09\x3C\x2F\x41\x63\x74\x69\x6F\x6E\x3E"
    "\x0D\x0A\x09\x09\x3C\x41\x63\x74\x69\x6F\x6E\x20\x4E\x61\x6D\x65"
    "\x3D\x22\x52\x75\x6E\x57\x69\x74\x68\x49\x65\x22\x20\x42\x6F\x72"
    "\x64\x65\x72\x54\x79\x70\x65\x3D\x22\x46\x6C\x6F\x6F\x72\x22\x20"
    "\x54\x79\x70\x65\x3D\x22\x45\x6D\x62\x65\x64\x64\x65\x64\x22\x20"
    "\x43\x6C\x61\x73\x73\x3D\x22\x63\x6F\x6D\x2E\x67\x72\x6F\x75\x70"
    "\x5F\x66\x69\x6E\x69\x74\x79\x2E\x6D\x61\x73\x63\x6F\x74\x2E\x61"
    "\x63\x74\x69\x6F\x6E\x2E\x57\x61\x6C\x6B\x57\x69\x74\x68\x49\x45"
    "\x22\x0D\x0A\x09\x09\x09\x20\x49\x65\x4F\x66\x66\x73\x65\x74\x58"
    "\x3D\x22\x30\x22\x20\x49\x65\x4F\x66\x66\x73\x65\x74\x59\x3D\x22"
    "\x2D\x36\x34\x22\x3E\x0D\x0A\x09\x09\x09\x3C\x41\x6E\x69\x6D\x61"
    "\x74\x69\x6F\x6E\x3E\x0D\x0A\x09\x09\x09\x09\x3C\x50\x6F\x73\x65"
    "\x20\x49\x6D\x61\x67\x65\x3D\x22\x2F\x73\x68\x69\x6D\x65\x33\x34"
    "\x2E\x70\x6E\x67\x22\x20\x49\x6D\x61\x67\x65\x41\x6E\x63\x68\x6F"
    "\x72\x3D\x22\x36\x34\x2C\x31\x32\x38\x22\x20\x56\x65\x6C\x6F\x63"
    "\x69\x74\x79\x3D\x22\x2D\x38\x2C\x30\x22\x20\x44\x75\x72\x61\x74"
    "\x69\x6F\x6E\x3D\x22\x32\x22\x20\x2F\x3E\x0D\x0A\x09\x09\x09\x09"
    "\x3C\x50\x6F\x73\x65\x20\x49\x6D\x61\x67\x65\x3D\x22\x2F\x73\x68"
    "\x69\x6D\x65\x33\x35\x2E\x70\x6E\x67\x22\x20\x49\x6D\x61\x67\x65"
    "\x41\x6E\x63\x68\x6F\x72\x3D\x22\x36\x34\x2C\x31\x32\x38\x22\x20"
    "\x56\x65\x6C\x6F\x63\x69\x74\x79\x3D\x22\x2D\x38\x2C\x30\x22\x20"
    "\x44\x75\x72\x61\x74\x69\x6F\x6E\x3D\x22\x32\x22\x20\x2F\x3E\x0D"
    "\x0A\x09\x09\x09\x09\x3C\x50\x6F\x73\x65\x20\x49\x6D\x61\x67\x65"
    "\x3D\x22\x2F\x73\x68\x69\x6D\x65\x33\x34\x2E\x70\x6E\x67\x22\x20"
    "\x49\x6D\x61\x67\x65\x41\x6E\x63\x68\x6F\x72\x3D\x22\x36\x34\x2C"
    "\x31\x32\x38\x22\x20\x56\x65\x6C\x6F\x63\x69\x74\x79\x3D\x22\x2D"
    "\x38\x2C\x30\x22\x20\x44\x75\x72\x61\x74\x69\x6F\x6E\x3D\x22\x32"
    "\x22\x20\x2F\x3E\x0D\x0A\x09\x09\x09\x09\x3C\x50\x6F\x73\x65\x20"
    "\x49\x6D\x61\x67\x65\x3D\x22\x2F\x73\x68\x69\x6D\x65\x33\x36\x2E"
    "\x70\x6E\x67\x22\x20\x49\x6D\x61\x67\x65\x41\x6E\x63\x68\x6F\x72"
    "\x3D\x22\x36\x34\x2C\x31\x32\x38\x22\x20\x56\x65\x6C\x6F\x63\x69"
    "\x74\x79\x3D\x22\x2D\x38\x2C\x30\x22\x20\x44\x75\x72\x61\x74\x69"
    "\x6F\x6E\x3D\x22\x32\x22\x20\x2F\x3E\x0D\x0A\x09\x09\x09\x3C\x2F"
    "\x41\x6E\x69\x6D\x61\x74\x69\x6F\x6E\x3E\x0D\x0A\x09\x09\x3C\x2F"
    "\x41\x63\x74\x69\x6F\x6E\x3E\x0D\x0A\x09\x09\x3C\x41\x63\x74\x69"
    "\x6F\x6E\x20\x4E\x61\x6D\x65\x3D\x22\x54\x68\x72\x6F\x77\x49\x65"
    "\x22\x20\x42\x6F\x72\x64\x65\x72\x54\x79\x70\x65\x3D\x22\x46\x6C"
    "\x6F\x6F\x72\x22\x20\x54\x79\x70\x65\x3D\x22\x45\x6D\x62\x65\x64"
    "\x64\x65\x64\x22\x20\x43\x6C\x61\x73\x73\x3D\x22\x63\x6F\x6D\x2E"
    "\x67\x72\x6F\x75\x70\x5F\x66\x69\x6E\x69\x74\x79\x2E\x6D\x61\x73"
    "\x63\x6F\x74\x2E\x61\x63\x74\x69\x6F\x6E\x2E\x54\x68\x72\x6F\x77"
    "\x49\x45\x22\x0D\x0A\x09\x09\x09\x49\x6E\x69\x74\x69\x61\x6C\x56"
    "\x58\x3D\x22\x33\x32\x22\x20\x49\x6E\x69\x74\x69\x61\x6C\x56\x59"
    "\x3D\x22\x2D\x31\x30\x22\x20\x47\x72\x61\x76\x69\x74\x79\x3D\x22"
    "\x30\x2E\x35\x22\x3E\x0D\x0A\x09\x09\x09\x3C\x41\x6E\x69\x6D\x61"
    "\x74\x69\x6F\x6E\x3E\x0D\x0A\x09\x09\x09\x09\x3C\x50\x6F\x73\x65"
    "\x20\x49\x6D\x61\x67\x65\x3D\x22\x2F\x73\x68\x69\x6D\x65\x33\x37"
    "\x2E\x70\x6E\x67\x22\x20\x49\x6D\x61\x67\x65\x41\x6E\x63\x68\x6F"
    "\x72\x3D\x22\x36\x34\x2C\x31\x32\x38\x22\x20\x56\x65\x6C\x6F\x63"
    "\x69\x74\x79\x3D\x22\x30\x2C\x30\x22\x20\x44\x75\x72\x61\x74\x69"
    "\x6F\x6E\x3D\x22\x34\x30\x22\x20\x2F\x3E\x0D\x0A\x09\x09\x09\x3C"
    "\x2F\x41\x6E\x69\x6D\x61\x74\x69\x6F\x6E\x3E\x0D\x0A\x09\x09\x3C"
    "\x2F\x41\x63\x74\x69\x6F\x6E\x3E\x0D\x0A\x0D\x0A\x09\x09\x3C\x21"
    "\x2D\x2D\x20\x46\x61\x6C\x6C\x69\x6E\x67\x20\x2D\x2D\x3E\x0D\x0A"
    "\x0D\x0A\x09\x09\x3C\x41\x63\x74\x69\x6F\x6E\x20\x4E\x61\x6D\x65"
    "\x3D\x22\x4A\x75\x6D\x70\x69\x6E\x67\x22\x20\x54\x79\x70\x65\x3D"
    "\x22\x45\x6D\x62\x65\x64\x64\x65\x64\x22\x20\x43\x6C\x61\x73\x73"
    "\x3D\x22\x63\x6F\x6D\x2E\x67\x72\x6F\x75\x70\x5F\x66\x69\x6E\x69"
    "\x74\x79\x2E\x6D\x61\x73\x63\x6F\x74\x2E\x61\x63\x74\x69\x6F\x6E"
    "\x2E\x4A\x75\x6D\x70\x22\x0D\x0A\x09\x09\x09\x56\x65\x6C\x6F\x63"
    "\x69\x74\x79\x50\x61\x72\x61\x6D\x3D\x22\x32\x30\x22\x3E\x0D\x0A"
    "\x09\x09\x09\x3C\x41\x6E\x69\x6D\x61\x74\x69\x6F\x6E\x3E\x0D\x0A"
    "\x09\x09\x09\x09\x3C\x50\x6F\x73\x65\x20\x49\x6D\x61\x67\x65\x3D"
    "\x22\x2F\x73\x68\x69\x6D\x65\x32\x32\x2E\x70\x6E\x67\x22\x20\x49"
    "\x6D\x61\x67\x65\x41\x6E\x63\x68\x6F\x72\x3D\x22\x36\x34\x2C\x31"
    "\x32\x38\x22\x20\x56\x65\x6C\x6F\x63\x69\x74\x79\x3D\x22\x30\x2C"
    "\x30\x22\x20\x44\x75\x72\x61\x74\x69\x6F\x6E\x3D\x22\x32\x35\x30"
    "\x22\x20\x2F\x3E\x0D\x0A\x09\x09\x09\x3C\x2F\x41\x6E\x69\x6D\x61"
    "\x74\x69\x6F\x6E\x3E\x0D\x0A\x09\x09\x3C\x2F\x41\x63\x74\x69\x6F"
    "\x6E\x3E\x0D\x0A\x0D\x0A\x09\x09\x3C\x41\x63\x74\x69\x6F\x6E\x20"
    "\x4E\x61\x6D\x65\x3D\x22\x46\x61\x6C\x6C\x69\x6E\x67\x22\x20\x54"
    "\x79\x70\x65\x3D\x22\x45\x6D\x62\x65\x64\x64\x65\x64\x22\x20\x43"
    "\x6C\x61\x73\x73\x3D\x22\x63\x6F\x6D\x2E\x67\x72\x6F\x75\x70\x5F"
    "\x66\x69\x6E\x69\x74\x79\x2E\x6D\x61\x73\x63\x6F\x74\x2E\x61\x63"
    "\x74\x69\x6F\x6E\x2E\x46\x61\x6C\x6C\x22\x0D\x0A\x09\x09\x09\x52"
    "\x65\x67\x69\x73\x74\x61\x6E\x63\x65\x58\x3D\x22\x30\x2E\x30\x35"
    "\x22\x20\x52\x65\x67\x69\x73\x74\x61\x6E\x63\x65\x59\x3D\x22\x30"
    "\x2E\x31\x22\x20\x47\x72\x61\x76\x69\x74\x79\x3D\x22\x32\x22\x3E"
    "\x0D\x0A\x09\x09\x09\x3C\x41\x6E\x69\x6D\x61\x74\x69\x6F\x6E\x3E"
    "\x0D\x0A\x09\x09\x09\x09\x3C\x50\x6F\x73\x65\x20\x49\x6D\x61\x67"
    "\x65\x3D\x22\x2F\x73\x68\x69\x6D\x65\x34\x2E\x70\x6E\x67\x22\x20"
    "\x49\x6D\x61\x67\x65\x41\x6E\x63\x68\x6F\x72\x3D\x22\x36\x34\x2C"
    "\x31\x32\x38\x22\x20\x56\x65\x6C\x6F\x63\x69\x74\x79\x3D\x22\x30"
    "\x2C\x30\x22\x20\x44\x75\x72\x61\x74\x69\x6F\x6E\x3D\x22\x32\x35"
    "\x30\x22\x20\x2F\x3E\x0D\x0A\x09\x09\x09\x3C\x2F\x41\x6E\x69\x6D"
    "\x61\x74\x69\x6F\x6E\x3E\x0D\x0A\x09\x09\x3C\x2F\x41\x63\x74\x69"
    "\x6F\x6E\x3E\x0D\x0A\x0D\x0A\x09\x09\x3C\x41\x63\x74\x69\x6F\x6E"
    "\x20\x4E\x61\x6D\x65\x3D\x22\x42\x6F\x75\x6E\x63\x69\x6E\x67\x22"
    "\x20\x54\x79\x70\x65\x3D\x22\x41\x6E\x69\x6D\x61\x74\x65\x22\x20"
    "\x42\x6F\x72\x64\x65\x72\x54\x79\x70\x65\x3D\x22\x46\x6C\x6F\x6F"
    "\x72\x22\x3E\x0D\x0A\x09\x09\x09\x3C\x41\x6E\x69\x6D\x61\x74\x69"
    "\x6F\x6E\x3E\x0D\x0A\x09\x09\x09\x09\x3C\x50\x6F\x73\x65\x20\x49"
    "\x6D\x61\x67\x65\x3D\x22\x2F\x73\x68\x69\x6D\x65\x31\x38\x2E\x70"
    "\x6E\x67\x22\x20\x49\x6D\x61\x67\x65\x41\x6E\x63\x68\x6F\x72\x3D"
    "\x22\x36\x34\x2C\x31\x32\x38\x22\x20\x56\x65\x6C\x6F\x63\x69\x74"
    "\x79\x3D\x22\x30\x2C\x30\x22\x20\x44\x75\x72\x61\x74\x69\x6F\x6E"
    "\x3D\x22\x34\x22\x20\x2F\x3E\x0D\x0A\x09\x09\x09\x09\x3C\x50\x6F"
    "\x73\x65\x20\x49\x6D\x61\x67\x65\x3D\x22\x2F\x73\x68\x69\x6D\x65"
    "\x31\x39\x2E\x70\x6E\x67\x22\x20\x49\x6D\x61\x67\x65\x41\x6E\x63"
    "\x68\x6F\x72\x3D\x22\x36\x34\x2C\x31\x32\x38\x22\x20\x56\x65\x6C"
    "\x6F\x63\x69\x74\x79\x3D\x22\x30\x2C\x30\x22\x20\x44\x75\x72\x61"
    "\x74\x69\x6F\x6E\x3D\x22\x34\x22\x20\x2F\x3E\x0D\x0A\x09\x09\x09"
    "\x3C\x2F\x41\x6E\x69\x6D\x61\x74\x69\x6F\x6E\x3E\x0D\x0A\x09\x09"
    "\x3C\x2F\x41\x63\x74\x69\x6F\x6E\x3E\x0D\x0A\x0D\x0A\x09\x09\x3C"
    "\x41\x63\x74\x69\x6F\x6E\x20\x4E\x61\x6D\x65\x3D\x22\x54\x72\x69"
    "\x70\x70\x69\x6E\x67\x22\x20\x54\x79\x70\x65\x3D\x22\x41\x6E\x69"
    "\x6D\x61\x74\x65\x22\x20\x42\x6F\x72\x64\x65\x72\x54\x79\x70\x65"
    "\x3D\x22\x46\x6C\x6F\x6F\x72\x22\x3E\x0D\x0A\x09\x09\x09\x3C\x41"
    "\x6E\x69\x6D\x61\x74\x69\x6F\x6E\x3E\x0D\x0A\x09\x09\x09\x09\x3C"
    "\x50\x6F\x73\x65\x20\x49\x6D\x61\x67\x65\x3D\x22\x2F\x73\x68\x69"
    "\x6D\x65\x31\x39\x2E\x70\x6E\x67\x22\x20\x49\x6D\x61\x67\x65\x41"
    "\x6E\x63\x68\x6F\x72\x3D\x22\x36\x34\x2C\x31\x32\x38\x22\x20\x56"
    "\x65\x6C\x6F\x63\x69\x74\x79\x3D\x22\x2D\x38\x2C\x30\x22\x20\x44"
    "\x75\x72\x61\x74\x69\x6F\x6E\x3D\x22\x38\x22\x20\x2F\x3E\x0D\x0A"
    "\x09\x09\x09\x09\x3C\x50\x6F\x73\x65\x20\x49\x6D\x61\x67\x65\x3D"
    "\x22\x2F\x73\x68\x69\x6D\x65\x31\x38\x2E\x70\x6E\x67\x22\x20\x49"
    "\x6D\x61\x67\x65\x41\x6E\x63\x68\x6F\x72\x3D\x22\x36\x34\x2C\x31"
    "\x32\x38\x22\x20\x56\x65\x6C\x6F\x63\x69\x74\x79\x3D\x22\x2D\x34"
    "\x2C\x30\x22\x20\x44\x75\x72\x61\x74\x69\x6F\x6E\x3D\x22\x34\x22"
    "\x20\x2F\x3E\x0D\x0A\x09\x09\x09\x09\x3C\x50\x6F\x73\x65\x20\x49"
    "\x6D\x61\x67\x65\x3D\x22\x2F\x73\x68\x69\x6D\x65\x32\x30\x2E\x70"
    "\x6E\x67\x22\x20\x49\x6D\x61\x67\x65\x41\x6E\x63\x68\x6F\x72\x3D"
    "\x22\x36\x34\x2C\x31\x32\x38\x22\x20\x56\x65\x6C\x6F\x63\x69\x74"
    "\x79\x3D\x22\x2D\x32\x2C\x30\x22\x20\x44\x75\x72\x61\x74\x69\x6F"
    "\x6E\x3D\x22\x34\x22\x20\x2F\x3E\x0D\x0A\x09\x09\x09\x09\x3C\x50"
    "\x6F\x73\x65\x20\x49\x6D\x61\x67\x65\x3D\x22\x2F\x73\x68\x69\x6D"
    "\x65\x32\x30\x2E\x70\x6E\x67\x22\x20\x49\x6D\x61\x67\x65\x41\x6E"
    "\x63\x68\x6F\x72\x3D\x22\x36\x34\x2C\x31\x32\x38\x22\x20\x56\x65"
    "\x6C\x6F\x63\x69\x74\x79\x3D\x22\x30\x2C\x30\x22\x20\x44\x75\x72"
    "\x61\x74\x69\x6F\x6E\x3D\x22\x31\x30\x22\x20\x2F\x3E\x0D\x0A\x09"
    "\x09\x09\x09\x3C\x50\x6F\x73\x65\x20\x49\x6D\x61\x67\x65\x3D\x22"
    "\x2F\x73\x68\x69\x6D\x65\x31\x39\x2E\x70\x6E\x67\x22\x20\x49\x6D"
    "\x61\x67\x65\x41\x6E\x63\x68\x6F\x72\x3D\x22\x36\x34\x2C\x31\x30"
    "\x34\x22\x20\x56\x65\x6C\x6F\x63\x69\x74\x79\x3D\x22\x2D\x34\x2C"
    "\x30\x22\x20\x44\x75\x72\x61\x74\x69\x6F\x6E\x3D\x22\x34\x22\x20"
    "\x2F\x3E\x0D\x0A\x09\x09\x09\x3C\x2F\x41\x6E\x69\x6D\x61\x74\x69"
    "\x6F\x6E\x3E\x0D\x0A\x09\x09\x3C\x2F\x41\x63\x74\x69\x6F\x6E\x3E"
    "\x0D\x0A\x0D\x0A\x0D\x0A\x09\x09\x3C\x21\x2D\x2D\x20\x44\x72\x61"
    "\x67\x67\x69\x6E\x67\x20\x2D\x2D\x3E\x0D\x0A\x0D\x0A\x09\x09\x3C"
    "\x41\x63\x74\x69\x6F\x6E\x20\x4E\x61\x6D\x65\x3D\x22\x50\x69\x6E"
    "\x63\x68\x65\x64\x22\x20\x54\x79\x70\x65\x3D\x22\x45\x6D\x62\x65"
    "\x64\x64\x65\x64\x22\x20\x43\x6C\x61\x73\x73\x3D\x22\x63\x6F\x6D"
    "\x2E\x67\x72\x6F\x75\x70\x5F\x66\x69\x6E\x69\x74\x79\x2E\x6D\x61"
    "\x73\x63\x6F\x74\x2E\x61\x63\x74\x69\x6F\x6E\x2E\x44\x72\x61\x67"
    "\x67\x65\x64\x22\x3E\x0D\x0A\x09\x09\x09\x3C\x41\x6E\x69\x6D\x61"
    "\x74\x69\x6F\x6E\x20\x43\x6F\x6E\x64\x69\x74\x69\x6F\x6E\x3D\x22"
    "\x23\x7B\x46\x6F\x6F\x74\x58\x20\x26\x6C\x74\x3B\x20\x6D\x61\x73"
    "\x63\x6F\x74\x2E\x65\x6E\x76\x69\x72\x6F\x6E\x6D\x65\x6E\x74\x2E"
    "\x63\x75\x72\x73\x6F\x72\x2E\x78\x2D\x35\x30\x7D\x22\x3E\x0D\x0A"
    "\x09\x09\x09\x09\x3C\x50\x6F\x73\x65\x20\x49\x6D\x61\x67\x65\x3D"
    "\x22\x2F\x73\x68\x69\x6D\x65\x39\x2E\x70\x6E\x67\x22\x20\x49\x6D"
    "\x61\x67\x65\x41\x6E\x63\x68\x6F\x72\x3D\x22\x36\x34\x2C\x31\x32"
    "\x38\x22\x20\x56\x65\x6C\x6F\x63\x69\x74\x79\x3D\x22\x30\x2C\x30"
    "\x22\x20\x44\x75\x72\x61\x74\x69\x6F\x6E\x3D\x22\x35\x22\x20\x2F"
    "\x3E\x0D\x0A\x09\x09\x09\x3C\x2F\x41\x6E\x69\x6D\x61\x74\x69\x6F"
    "\x6E\x3E\x0D\x0A\x09\x09\x09\x3C\x41\x6E\x69\x6D\x61\x74\x69\x6F"
    "\x6E\x20\x43\x6F\x6E\x64\x69\x74\x69\x6F\x6E\x3D\x22\x23\x7B\x46"
    "\x6F\x6F\x74\x58\x20\x26\x6C\x74\x3B\x20\x6D\x61\x73\x63\x6F\x74"
    "\x2E\x65\x6E\x76\x69\x72\x6F\x6E\x6D\x65\x6E\x74\x2E\x63\x75\x72"
    "\x73\x6F\x72\x2E\x78\x2D\x33\x30\x7D\x22\x3E\x0D\x0A\x09\x09\x09"
    "\x09\x3C\x50\x6F\x73\x65\x20\x49\x6D\x61\x67\x65\x3D\x22\x2F\x73"
    "\x68\x69\x6D\x65\x37\x2E\x70\x6E\x67\x22\x20\x49\x6D\x61\x67\x65"
    "\x41\x6E\x63\x68\x6F\x72\x3D\x22\x36\x34\x2C\x31\x32\x38\x22\x20"
    "\x56\x65\x6C\x6F\x63\x69\x74\x79\x3D\x22\x30\x2C\x30\x22\x20\x44"
    "\x75\x72\x61\x74\x69\x6F\x6E\x3D\x22\x35\x22\x20\x2F\x3E\x0D\x0A"
    "\x09\x09\x09\x3C\x2F\x41\x6E\x69\x6D\x61\x74\x69\x6F\x6E\x3E\x0D"
    "\x0A\x09\x09\x09\x3C\x41\x6E\x69\x6D\x61\x74\x69\x6F\x6E\x20\x43"
    "\x6F\x6E\x64\x69\x74\x69\x6F\x6E\x3D\x22\x23\x7B\x46\x6F\x6F\x74"
    "\x58\x20\x26\x6C\x74\x3B\x20\x6D\x61\x73\x63\x6F\x74\x2E\x65\x6E"
    "\x76\x69\x72\x6F\x6E\x6D\x65\x6E\x74\x2E\x63\x75\x72\x73\x6F\x72"
    "\x2E\x78\x7D\x22\x3E\x0D\x0A\x09\x09\x09\x09\x3C\x50\x6F\x73\x65"
    "\x20\x49\x6D\x61\x67\x65\x3D\x22\x2F\x73\x68\x69\x6D\x65\x35\x2E"
    "\x70\x6E\x67\x22\x20\x49\x6D\x61\x67\x65\x41\x6E\x63\x68\x6F\x72"
    "\x3D\x22\x36\x34\x2C\x31\x32\x38\x22\x20\x56\x65\x6C\x6F\x63\x69"
    "\x74\x79\x3D\x22\x30\x2C\x30\x22\x20\x44\x75\x72\x61\x74\x69\x6F"
    "\x6E\x3D\x22\x35\x22\x20\x2F\x3E\x0D\x0A\x09\x09\x09\x3C\x2F\x41"
    "\x6E\x69\x6D\x61\x74\x69\x6F\x6E\x3E\x0D\x0A\x09\x09\x09\x3C\x41"
    "\x6E\x69\x6D\x61\x74\x69\x6F\x6E\x20\x43\x6F\x6E\x64\x69\x74\x69"
    "\x6F\x6E\x3D\x22\x23\x7B\x46\x6F\x6F\x74\x58\x20\x26\x67\x74\x3B"
    "\x20\x6D\x61\x73\x63\x6F\x74\x2E\x65\x6E\x76\x69\x72\x6F\x6E\x6D"
    "\x65\x6E\x74\x2E\x63\x75\x72\x73\x6F\x72\x2E\x78\x2D\x31\x30\x20"
    "\x26\x61\x6D\x70\x3B\x26\x61\x6D\x70\x3B\x20\x46\x6F\x6F\x74\x58"
    "\x20\x26\x6C\x74\x3B\x20\x6D\x61\x73\x63\x6F\x74\x2E\x65\x6E\x76"
    "\x69\x72\x6F\x6E\x6D\x65\x6E\x74\x2E\x63\x75\x72\x73\x6F\x72\x2E"
    "\x78\x2B\x31\x30\x7D\x22\x3E\x0D\x0A\x09\x09\x09\x09\x3C\x50\x6F"
    "\x73\x65\x20\x49\x6D\x61\x67\x65\x3D\x22\x2F\x73\x68\x69\x6D\x65"
    "\x31\x2E\x70\x6E\x67\x22\x20\x49\x6D\x61\x67\x65\x41\x6E\x63\x68"
    "\x6F\x72\x3D\x22\x36\x34\x2C\x31\x32\x38\x22\x20\x56\x65\x6C\x6F"
    "\x63\x69\x74\x79\x3D\x22\x30\x2C\x30\x22\x20\x44\x75\x72\x61\x74"
    "\x69\x6F\x6E\x3D\x22\x35\x22\x20\x2F\x3E\x0D\x0A\x09\x09\x09\x3C"
    "\x2F\x41\x6E\x69\x6D\x61\x74\x69\x6F\x6E\x3E\x0D\x0A\x09\x09\x09"
    "\x3C\x41\x6E\x69\x6D\x61\x74\x69\x6F\x6E\x20\x43\x6F\x6E\x64\x69"
    "\x74\x69\x6F\x6E\x3D\x22\x23\x7B\x46\x6F\x6F\x74\x58\x20\x26\x6C"
    "\x74\x3B\x20\x6D\x61\x73\x63\x6F\x74\x2E\x65\x6E\x76\x69\x72\x6F"
    "\x6E\x6D\x65\x6E\x74\x2E\x63\x75\x72\x73\x6F\x72\x2E\x78\x2B\x33"
    "\x30\x7D\x22\x3E\x0D\x0A\x09\x09\x09\x09\x3C\x50\x6F\x73\x65\x20"
    "\x49\x6D\x61\x67\x65\x3D\x22\x2F\x73\x68\x69\x6D\x65\x36\x2E\x70"
    "\x6E\x67\x22\x20\x49\x6D\x61\x67\x65\x41\x6E\x63\x68\x6F\x72\x3D"
    "\x22\x36\x34\x2C\x31\x32\x38\x22\x20\x56\x65\x6C\x6F\x63\x69\x74"
    "\x79\x3D\x22\x30\x2C\x30\x22\x20\x44\x75\x72\x61\x74\x69\x6F\x6E"
    "\x3D\x22\x35\x22\x2F\x3E\x0D\x0A\x09\x09\x09\x3C\x2F\x41\x6E\x69"
    "\x6D\x61\x74\x69\x6F\x6E\x3E\x0D\x0A\x09\x09\x09\x3C\x41\x6E\x69"
    "\x6D\x61\x74\x69\x6F\x6E\x20\x43\x6F\x6E\x64\x69\x74\x69\x6F\x6E"
    "\x3D\x22\x23\x7B\x46\x6F\x6F\x74\x58\x20\x26\x6C\x74\x3B\x20\x6D"
    "\x61\x73\x63\x6F\x74\x2E\x65\x6E\x76\x69\x72\x6F\x6E\x6D\x65\x6E"
    "\x74\x2E\x63\x75\x72\x73\x6F\x72\x2E\x78\x2B\x35\x30\x7D\x22\x3E"
    "\x0D\x0A\x09\x09\x09\x09\x3C\x50\x6F\x73\x65\x20\x49\x6D\x61\x67"
    "\x65\x3D\x22\x2F\x73\x68\x69\x6D\x65\x38\x2E\x70\x6E\x67\x22\x20"
    "\x49\x6D\x61\x67\x65\x41\x6E\x63\x68\x6F\x72\x3D\x22\x36\x34\x2C"
    "\x31\x32\x38\x22\x20\x56\x65\x6C\x6F\x63\x69\x74\x79\x3D\x22\x30"
    "\x2C\x30\x22\x20\x44\x75\x72\x61\x74\x69\x6F\x6E\x3D\x22\x35\x22"
    "\x20\x2F\x3E\x0D\x0A\x09\x09\x09\x3C\x2F\x41\x6E\x69\x6D\x61\x74"
    "\x69\x6F\x6E\x3E\x0D\x0A\x09\x09\x09\x3C\x41\x6E\x69\x6D\x61\x74"
    "\x69\x6F\x6E\x20\x43\x6F\x6E\x64\x69\x74\x69\x6F\x6E\x3D\x22\x23"
    "\x7B\x46\x6F\x6F\x74\x58\x20\x26\x67\x74\x3B\x3D\x20\x6D\x61\x73"
    "\x63\x6F\x74\x2E\x65\x6E\x76\x69\x72\x6F\x6E\x6D\x65\x6E\x74\x2E"
    "\x63\x75\x72\x73\x6F\x72\x2E\x78\x2B\x33\x30\x7D\x22\x3E\x0D\x0A"
    "\x09\x09\x09\x09\x3C\x50\x6F\x73\x65\x20\x49\x6D\x61\x67\x65\x3D"
    "\x22\x2F\x73\x68\x69\x6D\x65\x31\x30\x2E\x70\x6E\x67\x22\x20\x49"
    "\x6D\x61\x67\x65\x41\x6E\x63\x68\x6F\x72\x3D\x22\x36\x34\x2C\x31"
    "\x32\x38\x22\x20\x56\x65\x6C\x6F\x63\x69\x74\x79\x3D\x22\x30\x2C"
    "\x30\x22\x20\x44\x75\x72\x61\x74\x69\x6F\x6E\x3D\x22\x35\x22\x20"
    "\x2F\x3E\x0D\x0A\x09\x09\x09\x3C\x2F\x41\x6E\x69\x6D\x61\x74\x69"
    "\x6F\x6E\x3E\x0D\x0A\x09\x09\x3C\x2F\x41\x63\x74\x69\x6F\x6E\x3E"
    "\x0D\x0A\x09\x09\x3C\x41\x63\x74\x69\x6F\x6E\x20\x4E\x61\x6D\x65"
    "\x3D\x22\x52\x65\x73\x69\x73\x74\x69\x6E\x67\x22\x20\x54\x79\x70"
    "\x65\x3D\x22\x45\x6D\x62\x65\x64\x64\x65\x64\x22\x20\x43\x6C\x61"
    "\x73\x73\x3D\x22\x63\x6F\x6D\x2E\x67\x72\x6F\x75\x70\x5F\x66\x69"
    "\x6E\x69\x74\x79\x2E\x6D\x61\x73\x63\x6F\x74\x2E\x61\x63\x74\x69"
    "\x6F\x6E\x2E\x52\x65\x67\x69\x73\x74\x22\x3E\x0D\x0A\x09\x09\x09"
    "\x3C\x41\x6E\x69\x6D\x61\x74\x69\x6F\x6E\x3E\x0D\x0A\x09\x09\x09"
    "\x09\x3C\x50\x6F\x73\x65\x20\x49\x6D\x61\x67\x65\x3D\x22\x2F\x73"
    "\x68\x69\x6D\x65\x35\x2E\x70\x6E\x67\x22\x20\x49\x6D\x61\x67\x65"
    "\x41\x6E\x63\x68\x6F\x72\x3D\x22\x36\x34\x2C\x31\x32\x38\x22\x20"
    "\x56\x65\x6C\x6F\x63\x69\x74\x79\x3D\x22\x30\x2C\x30\x22\x20\x44"
    "\x75\x72\x61\x74\x69\x6F\x6E\x3D\x22\x35\x22\x20\x2F\x3E\x0D\x0A"
    "\x09\x09\x09\x09\x3C\x50\x6F\x73\x65\x20\x49\x6D\x61\x67\x65\x3D"
    "\x22\x2F\x73\x68\x69\x6D\x65\x36\x2E\x70\x6E\x67\x22\x20\x49\x6D"
    "\x61\x67\x65\x41\x6E\x63\x68\x6F\x72\x3D\x22\x36\x34\x2C\x31\x32"
    "\x38\x22\x20\x56\x65\x6C\x6F\x63\x69\x74\x79\x3D\x22\x30\x2C\x30"
    "\x22\x20\x44\x75\x72\x61\x74\x69\x6F\x6E\x3D\x22\x35\x22\x20\x2F"
    "\x3E\x0D\x0A\x09\x09\x09\x09\x3C\x50\x6F\x73\x65\x20\x49\x6D\x61"
    "\x67\x65\x3D\x22\x2F\x73\x68\x69\x6D\x65\x35\x2E\x70\x6E\x67\x22"
    "\x20\x49\x6D\x61\x67\x65\x41\x6E\x63\x68\x6F\x72\x3D\x22\x36\x34"
    "\x2C\x31\x32\x38\x22\x20\x56\x65\x6C\x6F\x63\x69\x74\x79\x3D\x22"
    "\x30\x2C\x30\x22\x20\x44\x75\x72\x61\x74\x69\x6F\x6E\x3D\x22\x35"
    "\x22\x20\x2F\x3E\x0D\x0A\x09\x09\x09\x09\x3C\x50\x6F\x73\x65\x20"
    "\x49\x6D\x61\x67\x65\x3D\x22\x2F\x73\x68\x69\x6D\x65\x36\x2E\x70"
    "\x6E\x67\x22\x20\x49\x6D\x61\x67\x65\x41\x6E\x63\x68\x6F\x72\x3D"
    "\x22\x36\x34\x2C\x31\x32\x38\x22\x20\x56\x65\x6C\x6F\x63\x69\x74"
    "\x79\x3D\x22\x30\x2C\x30\x22\x20\x44\x75\x72\x61\x74\x69\x6F\x6E"
    "\x3D\x22\x35\x22\x20\x2F\x3E\x0D\x0A\x09\x09\x09\x09\x3C\x50\x6F"
    "\x73\x65\x20\x49\x6D\x61\x67\x65\x3D\x22\x2F\x73\x68\x69\x6D\x65"
    "\x31\x2E\x70\x6E\x67\x22\x20\x49\x6D\x61\x67\x65\x41\x6E\x63\x68"
    "\x6F\x72\x3D\x22\x36\x34\x2C\x31\x32\x38\x22\x20\x56\x65\x6C\x6F"
    "\x63\x69\x74\x79\x3D\x22\x30\x2C\x30\x22\x20\x44\x75\x72\x61\x74"
    "\x69\x6F\x6E\x3D\x22\x35\x30\x22\x20\x2F\x3E\x0D\x0A\x09\x09\x09"
    "\x09\x3C\x50\x6F\x73\x65\x20\x49\x6D\x61\x67\x65\x3D\x22\x2F\x73"
    "\x68\x69\x6D\x65\x35\x2E\x70\x6E\x67\x22\x20\x49\x6D\x61\x67\x65"
    "\x41\x6E\x63\x68\x6F\x72\x3D\x22\x36\x34\x2C\x31\x32\x38\x22\x20"
    "\x56\x65\x6C\x6F\x63\x69\x74\x79\x3D\x22\x30\x2C\x30\x22\x20\x44"
    "\x75\x72\x61\x74\x69\x6F\x6E\x3D\x22\x35\x22\x20\x2F\x3E\x0D\x0A"
    "\x09\x09\x09\x09\x3C\x50\x6F\x73\x65\x20\x49\x6D\x61\x67\x65\x3D"
    "\x22\x2F\x73\x68\x69\x6D\x65\x36\x2E\x70\x6E\x67\x22\x20\x49\x6D"
    "\x61\x67\x65\x41\x6E\x63\x68\x6F\x72\x3D\x22\x36\x34\x2C\x31\x32"
    "\x38\x22\x20\x56\x65\x6C\x6F\x63\x69\x74\x79\x3D\x22\x30\x2C\x30"
    "\x22\x20\x44\x75\x72\x61\x74\x69\x6F\x6E\x3D\x22\x35\x22\x20\x2F"
    "\x3E\x0D\x0A\x09\x09\x09\x09\x3C\x50\x6F\x73\x65\x20\x49\x6D\x61"
    "\x67\x65\x3D\x22\x2F\x73\x68\x69\x6D\x65\x35\x2E\x70\x6E\x67\x22"
    "\x20\x49\x6D\x61\x67\x65\x41\x6E\x63\x68\x6F\x72\x3D\x22\x36\x34"
    "\x2C\x31\x32\x38\x22\x20\x56\x65\x6C\x6F\x63\x69\x74\x79\x3D\x22"
    "\x30\x2C\x30\x22\x20\x44\x75\x72\x61\x74\x69\x6F\x6E\x3D\x22\x35"
    "\x22\x20\x2F\x3E\x0D\x0A\x09\x09\x09\x09\x3C\x50\x6F\x73\x65\x20"
    "\x49\x6D\x61\x67\x65\x3D\x22\x2F\x73\x68\x69\x6D\x65\x36\x2E\x70"
    "\x6E\x67\x22\x20\x49\x6D\x61\x67\x65\x41\x6E\x63\x68\x6F\x72\x3D"
    "\x22\x36\x34\x2C\x31\x32\x38\x22\x20\x56\x65\x6C\x6F\x63\x69\x74"
    "\x79\x3D\x22\x30\x2C\x30\x22\x20\x44\x75\x72\x61\x74\x69\x6F\x6E"
    "\x3D\x22\x35\x22\x20\x2F\x3E\x0D\x0A\x09\x09\x09\x09\x3C\x50\x6F"
    "\x73\x65\x20\x49\x6D\x61\x67\x65\x3D\x22\x2F\x73\x68\x69\x6D\x65"
    "\x35\x2E\x70\x6E\x67\x22\x20\x49\x6D\x61\x67\x65\x41\x6E\x63\x68"
    "\x6F\x72\x3D\x22\x36\x34\x2C\x31\x32\x38\x22\x20\x56\x65\x6C\x6F"
    "\x63\x69\x74\x79\x3D\x22\x30\x2C\x30\x22\x20\x44\x75\x72\x61\x74"
    "\x69\x6F\x6E\x3D\x22\x35\x22\x20\x2F\x3E\x0D\x0A\x09\x09\x09\x09"
    "\x3C\x50\x6F\x73\x65\x20\x49\x6D\x61\x67\x65\x3D\x22\x2F\x73\x68"
    "\x69\x6D\x65\x36\x2E\x70\x6E\x67\x22\x20\x49\x6D\x61\x67\x65\x41"
    "\x6E\x63\x68\x6F\x72\x3D\x22\x36\x34\x2C\x31\x32\x38\x22\x20\x56"
    "\x65\x6C\x6F\x63\x69\x74\x79\x3D\x22\x30\x2C\x30\x22\x20\x44\x75"
    "\x72\x61\x74\x69\x6F\x6E\x3D\x22\x35\x22\x20\x2F\x3E\x0D\x0A\x09"
    "\x09\x09\x09\x3C\x50\x6F\x73\x65\x20\x49\x6D\x61\x67\x65\x3D\x22"
    "\x2F\x73\x68\x69\x6D\x65\x35\x2E\x70\x6E\x67\x22\x20\x49\x6D\x61"
    "\x67\x65\x41\x6E\x63\x68\x6F\x72\x3D\x22\x36\x34\x2C\x31\x32\x38"
    "\x22\x20\x56\x65\x6C\x6F\x63\x69\x74\x79\x3D\x22\x30\x2C\x30\x22"
    "\x20\x44\x75\x72\x61\x74\x69\x6F\x6E\x3D\x22\x35\x22\x20\x2F\x3E"
    "\x0D\x0A\x09\x09\x09\x09\x3C\x50\x6F\x73\x65\x20\x49\x6D\x61\x67"
    "\x65\x3D\x22\x2F\x73\x68\x69\x6D\x65\x36\x2E\x70\x6E\x67\x22\x20"
    "\x49\x6D\x61\x67\x65\x41\x6E\x63\x68\x6F\x72\x3D\x22\x36\x34\x2C"
    "\x31\x32\x38\x22\x20\x56\x65\x6C\x6F\x63\x69\x74\x79\x3D\x22\x30"
    "\x2C\x30\x22\x20\x44\x75\x72\x61\x74\x69\x6F\x6E\x3D\x22\x35\x22"
    "\x20\x2F\x3E\x0D\x0A\x09\x09\x09\x09\x3C\x50\x6F\x73\x65\x20\x49"
    "\x6D\x61\x67\x65\x3D\x22\x2F\x73\x68\x69\x6D\x65\x31\x2E\x70\x6E"
    "\x67\x22\x20\x49\x6D\x61\x67\x65\x41\x6E\x63\x68\x6F\x72\x3D\x22"
    "\x36\x34\x2C\x31\x32\x38\x22\x20\x56\x65\x6C\x6F\x63\x69\x74\x79"
    "\x3D\x22\x30\x2C\x30\x22\x20\x44\x75\x72\x61\x74\x69\x6F\x6E\x3D"
    "\x22\x31\x30\x30\x22\x20\x2F\x3E\x0D\x0A\x09\x09\x09\x09\x3C\x50"
    "\x6F\x73\x65\x20\x49\x6D\x61\x67\x65\x3D\x22\x2F\x73\x68\x69\x6D"
    "\x65\x35\x2E\x70\x6E\x67\x22\x20\x49\x6D\x61\x67\x65\x41\x6E\x63"
    "\x68\x6F\x72\x3D\x22\x36\x34\x2C\x31\x32\x38\x22\x20\x56\x65\x6C"
    "\x6F\x63\x69\x74\x79\x3D\x22\x30\x2C\x30\x22\x20\x44\x75\x72\x61"
    "\x74\x69\x6F\x6E\x3D\x22\x35\x22\x20\x2F\x3E\x0D\x0A\x09\x09\x09"
    "\x09\x3C\x50\x6F\x73\x65\x20\x49\x6D\x61\x67\x65\x3D\x22\x2F\x73"
    "\x68\x69\x6D\x65\x36\x2E\x70\x6E\x67\x22\x20\x49\x6D\x61\x67\x65"
    "\x41\x6E\x63\x68\x6F\x72\x3D\x22\x36\x34\x2C\x31\x32\x38\x22\x20"
    "\x56\x65\x6C\x6F\x63\x69\x74\x79\x3D\x22\x30\x2C\x30\x22\x20\x44"
    "\x75\x72\x61\x74\x69\x6F\x6E\x3D\x22\x35\x22\x20\x2F\x3E\x0D\x0A"
    "\x09\x09\x09\x09\x3C\x50\x6F\x73\x65\x20\x49\x6D\x61\x67\x65\x3D"
    "\x22\x2F\x73\x68\x69\x6D\x65\x35\x2E\x70\x6E\x67\x22\x20\x49\x6D"
    "\x61\x67\x65\x41\x6E\x63\x68\x6F\x72\x3D\x22\x36\x34\x2C\x31\x32"
    "\x38\x22\x20\x56\x65\x6C\x6F\x63\x69\x74\x79\x3D\x22\x30\x2C\x30"
    "\x22\x20\x44\x75\x72\x61\x74\x69\x6F\x6E\x3D\x22\x35\x22\x20\x2F"
    "\x3E\x0D\x0A\x09\x09\x09\x09\x3C\x50\x6F\x73\x65\x20\x49\x6D\x61"
    "\x67\x65\x3D\x22\x2F\x73\x68\x69\x6D\x65\x36\x2E\x70\x6E\x67\x22"
    "\x20\x49\x6D\x61\x67\x65\x41\x6E\x63\x68\x6F\x72\x3D\x22\x36\x34"
    "\x2C\x31\x32\x38\x22\x20\x56\x65\x6C\x6F\x63\x69\x74\x79\x3D\x22"
    "\x30\x2C\x30\x22\x20\x44\x75\x72\x61\x74\x69\x6F\x6E\x3D\x22\x35"
    "\x22\x20\x2F\x3E\x0D\x0A\x09\x09\x09\x09\x3C\x50\x6F\x73\x65\x20"
    "\x49\x6D\x61\x67\x65\x3D\x22\x2F\x73\x68\x69\x6D\x65\x35\x2E\x70"
    "\x6E\x67\x22\x20\x49\x6D\x61\x67\x65\x41\x6E\x63\x68\x6F\x72\x3D"
    "\x22\x36\x34\x2C\x31\x32\x38\x22\x20\x56\x65\x6C\x6F\x63\x69\x74"
    "\x79\x3D\x22\x30\x2C\x30\x22\x20\x44\x75\x72\x61\x74\x69\x6F\x6E"
    "\x3D\x22\x35\x22\x20\x2F\x3E\x0D\x0A\x09\x09\x09\x09\x3C\x50\x6F"
    "\x73\x65\x20\x49\x6D\x61\x67\x65\x3D\x22\x2F\x73\x68\x69\x6D\x65"
    "\x36\x2E\x70\x6E\x67\x22\x20\x49\x6D\x61\x67\x65\x41\x6E\x63\x68"
    "\x6F\x72\x3D\x22\x36\x34\x2C\x31\x32\x38\x22\x20\x56\x65\x6C\x6F"
    "\x63\x69\x74\x79\x3D\x22\x30\x2C\x30\x22\x20\x44\x75\x72\x61\x74"
    "\x69\x6F\x6E\x3D\x22\x35\x22\x20\x2F\x3E\x0D\x0A\x09\x09\x09\x09"
    "\x3C\x50\x6F\x73\x65\x20\x49\x6D\x61\x67\x65\x3D\x22\x2F\x73\x68"
    "\x69\x6D\x65\x35\x2E\x70\x6E\x67\x22\x20\x49\x6D\x61\x67\x65\x41"
    "\x6E\x63\x68\x6F\x72\x3D\x22\x36\x34\x2C\x31\x32\x38\x22\x20\x56"
    "\x65\x6C\x6F\x63\x69\x74\x79\x3D\x22\x30\x2C\x30\x22\x20\x44\x75"
    "\x72\x61\x74\x69\x6F\x6E\x3D\x22\x35\x22\x20\x2F\x3E\x0D\x0A\x09"
    "\x09\x09\x09\x3C\x50\x6F\x73\x65\x20\x49\x6D\x61\x67\x65\x3D\x22"
    "\x2F\x73\x68\x69\x6D\x65\x36\x2E\x70\x6E\x67\x22\x20\x49\x6D\x61"
    "\x67\x65\x41\x6E\x63\x68\x6F\x72\x3D\x22\x36\x34\x2C\x31\x32\x38"
    "\x22\x20\x56\x65\x6C\x6F\x63\x69\x74\x79\x3D\x22\x30\x2C\x30\x22"
    "\x20\x44\x75\x72\x61\x74\x69\x6F\x6E\x3D\x22\x35\x22\x20\x2F\x3E"
    "\x0D\x0A\x09\x09\x09\x09\x3C\x50\x6F\x73\x65\x20\x49\x6D\x61\x67"
    "\x65\x3D\x22\x2F\x73\x68\x69\x6D\x65\x35\x2E\x70\x6E\x67\x22\x20"
    "\x49\x6D\x61\x67\x65\x41\x6E\x63\x68\x6F\x72\x3D\x22\x36\x34\x2C"
    "\x31\x32\x38\x22\x20\x56\x65\x6C\x6F\x63\x69\x74\x79\x3D\x22\x30"
    "\x2C\x30\x22\x20\x44\x75\x72\x61\x74\x69\x6F\x6E\x3D\x22\x32\x22"
    "\x20\x2F\x3E\x0D\x0A\x09\x09\x09\x09\x3C\x50\x6F\x73\x65\x20\x49"
    "\x6D\x61\x67\x65\x3D\x22\x2F\x73\x68\x69\x6D\x65\x36\x2E\x70\x6E"
    "\x67\x22\x20\x49\x6D\x61\x67\x65\x41\x6E\x63\x68\x6F\x72\x3D\x22"
    "\x36\x34\x2C\x31\x32\x38\x22\x20\x56\x65\x6C\x6F\x63\x69\x74\x79"
    "\x3D\x22\x30\x2C\x30\x22\x20\x44\x75\x72\x61\x74\x69\x6F\x6E\x3D"
    "\x22\x32\x22\x20\x2F\x3E\x0D\x0A\x09\x09\x09\x09\x3C\x50\x6F\x73"
    "\x65\x20\x49\x6D\x61\x67\x65\x3D\x22\x2F\x73\x68\x69\x6D\x65\x35"
    "\x2E\x70\x6E\x67\x22\x20\x49\x6D\x61\x67\x65\x41\x6E\x63\x68\x6F"
    "\x72\x3D\x22\x36\x34\x2C\x31\x32\x38\x22\x20\x56\x65\x6C\x6F\x63"
    "\x69\x74\x79\x3D\x22\x30\x2C\x30\x22\x20\x44\x75\x72\x61\x74\x69"
    "\x6F\x6E\x3D\x22\x32\x22\x20\x2F\x3E\x0D\x0A\x09\x09\x09\x09\x3C"
    "\x50\x6F\x73\x65\x20\x49\x6D\x61\x67\x65\x3D\x22\x2F\x73\x68\x69"
    "\x6D\x65\x36\x2E\x70\x6E\x67\x22\x20\x49\x6D\x61\x67\x65\x41\x6E"
    "\x63\x68\x6F\x72\x3D\x22\x36\x34\x2C\x31\x32\x38\x22\x20\x56\x65"
    "\x6C\x6F\x63\x69\x74\x79\x3D\x22\x30\x2C\x30\x22\x20\x44\x75\x72"
    "\x61\x74\x69\x6F\x6E\x3D\x22\x32\x22\x20\x2F\x3E\x0D\x0A\x09\x09"
    "\x09\x09\x3C\x50\x6F\x73\x65\x20\x49\x6D\x61\x67\x65\x3D\x22\x2F"
    "\x73\x68\x69\x6D\x65\x35\x2E\x70\x6E\x67\x22\x20\x49\x6D\x61\x67"
    "\x65\x41\x6E\x63\x68\x6F\x72\x3D\x22\x36\x34\x2C\x31\x32\x38\x22"
    "\x20\x56\x65\x6C\x6F\x63\x69\x74\x79\x3D\x22\x30\x2C\x30\x22\x20"
    "\x44\x75\x72\x61\x74\x69\x6F\x6E\x3D\x22\x32\x22\x20\x2F\x3E\x0D"
    "\x0A\x09\x09\x09\x09\x3C\x50\x6F\x73\x65\x20\x49\x6D\x61\x67\x65"
    "\x3D\x22\x2F\x73\x68\x69\x6D\x65\x36\x2E\x70\x6E\x67\x22\x20\x49"
    "\x6D\x61\x67\x65\x41\x6E\x63\x68\x6F\x72\x3D\x22\x36\x34\x2C\x31"
    "\x32\x38\x22\x20\x56\x65\x6C\x6F\x63\x69\x74\x79\x3D\x22\x30\x2C"
    "\x30\x22\x20\x44\x75\x72\x61\x74\x69\x6F\x6E\x3D\x22\x32\x22\x20"
    "\x2F\x3E\x0D\x0A\x09\x09\x09\x09\x3C\x50\x6F\x73\x65\x20\x49\x6D"
    "\x61\x67\x65\x3D\x22\x2F\x73\x68\x69\x6D\x65\x35\x2E\x70\x6E\x67"
    "\x22\x20\x49\x6D\x61\x67\x65\x41\x6E\x63\x68\x6F\x72\x3D\x22\x36"
    "\x34\x2C\x31\x32\x38\x22\x20\x56\x65\x6C\x6F\x63\x69\x74\x79\x3D"
    "\x22\x30\x2C\x30\x22\x20\x44\x75\x72\x61\x74\x69\x6F\x6E\x3D\x22"
    "\x32\x22\x20\x2F\x3E\x0D\x0A\x09\x09\x09\x09\x3C\x50\x6F\x73\x65"
    "\x20\x49\x6D\x61\x67\x65\x3D\x22\x2F\x73\x68\x69\x6D\x65\x36\x2E"
    "\x70\x6E\x67\x22\x20\x49\x6D\x61\x67\x65\x41\x6E\x63\x68\x6F\x72"
    "\x3D\x22\x36\x34\x2C\x31\x32\x38\x22\x20\x56\x65\x6C\x6F\x63\x69"
    "\x74\x79\x3D\x22\x30\x2C\x30\x22\x20\x44\x75\x72\x61\x74\x69\x6F"
    "\x6E\x3D\x22\x32\x22\x20\x2F\x3E\x0D\x0A\x09\x09\x09\x3C\x2F\x41"
    "\x6E\x69\x6D\x61\x74\x69\x6F\x6E\x3E\x0D\x0A\x09\x09\x3C\x2F\x41"
    "\x63\x74\x69\x6F\x6E\x3E\x0D\x0A\x0D\x0A\x09\x3C\x2F\x41\x63\x74"
    "\x69\x6F\x6E\x4C\x69\x73\x74\x3E\x0D\x0A\x0D\x0A\x09\x3C\x21\x2D"
    "\x2D\x20\x41\x63\x74\x75\x61\x6C\x20\x42\x65\x68\x61\x76\x69\x6F"
    "\x72\x20\x2D\x2D\x3E\x0D\x0A\x09\x3C\x41\x63\x74\x69\x6F\x6E\x4C"
    "\x69\x73\x74\x3E\x0D\x0A\x0D\x0A\x09\x09\x3C\x21\x2D\x2D\x20\x41"
    "\x4C\x57\x41\x59\x53\x20\x52\x45\x51\x55\x49\x52\x45\x44\x20\x2D"
    "\x2D\x3E\x0D\x0A\x09\x09\x3C\x41\x63\x74\x69\x6F\x6E\x20\x4E\x61"
    "\x6D\x65\x3D\x22\x46\x61\x6C\x6C\x22\x20\x54\x79\x70\x65\x3D\x22"
    "\x53\x65\x71\x75\x65\x6E\x63\x65\x22\x20\x4C\x6F\x6F\x70\x3D\x22"
    "\x66\x61\x6C\x73\x65\x22\x3E\x0D\x0A\x09\x09\x09\x3C\x41\x63\x74"
    "\x69\x6F\x6E\x52\x65\x66\x65\x72\x65\x6E\x63\x65\x20\x4E\x61\x6D"
    "\x65\x3D\x22\x46\x61\x6C\x6C\x69\x6E\x67\x22\x2F\x3E\x0D\x0A\x09"
    "\x09\x09\x3C\x41\x63\x74\x69\x6F\x6E\x20\x54\x79\x70\x65\x3D\x22"
    "\x53\x65\x6C\x65\x63\x74\x22\x3E\x0D\x0A\x09\x09\x09\x09\x3C\x41"
    "\x63\x74\x69\x6F\x6E\x20\x54\x79\x70\x65\x3D\x22\x53\x65\x71\x75"
    "\x65\x6E\x63\x65\x22\x20\x43\x6F\x6E\x64\x69\x74\x69\x6F\x6E\x3D"
    "\x22\x24\x7B\x6D\x61\x73\x63\x6F\x74\x2E\x65\x6E\x76\x69\x72\x6F"
    "\x6E\x6D\x65\x6E\x74\x2E\x66\x6C\x6F\x6F\x72\x2E\x69\x73\x4F\x6E"
    "\x28\x6D\x61\x73\x63\x6F\x74\x2E\x61\x6E\x63\x68\x6F\x72\x29\x20"
    "\x7C\x7C\x0D\x0A\x09\x09\x09\x09\x09\x6D\x61\x73\x63\x6F\x74\x2E"
    "\x65\x6E\x76\x69\x72\x6F\x6E\x6D\x65\x6E\x74\x2E\x61\x63\x74\x69"
    "\x76\x65\x49\x45\x2E\x74\x6F\x70\x42\x6F\x72\x64\x65\x72\x2E\x69"
    "\x73\x4F\x6E\x28\x6D\x61\x73\x63\x6F\x74\x2E\x61\x6E\x63\x68\x6F"
    "\x72\x29\x20\x7D\x22\x3E\x0D\x0A\x09\x09\x09\x09\x09\x3C\x41\x63"
    "\x74\x69\x6F\x6E\x52\x65\x66\x65\x72\x65\x6E\x63\x65\x20\x4E\x61"
    "\x6D\x65\x3D\x22\x42\x6F\x75\x6E\x63\x69\x6E\x67\x22\x2F\x3E\x0D"
    "\x0A\x09\x09\x09\x09\x09\x3C\x41\x63\x74\x69\x6F\x6E\x52\x65\x66"
    "\x65\x72\x65\x6E\x63\x65\x20\x4E\x61\x6D\x65\x3D\x22\x53\x74\x61"
    "\x6E\x64\x22\x20\x44\x75\x72\x61\x74\x69\x6F\x6E\x3D\x22\x24\x7B"
    "\x31\x30\x30\x2B\x4D\x61\x74\x68\x2E\x72\x61\x6E\x64\x6F\x6D\x28"
    "\x29\x2A\x31\x30\x30\x7D\x22\x20\x2F\x3E\x0D\x0A\x09\x09\x09\x09"
    "\x3C\x2F\x41\x63\x74\x69\x6F\x6E\x3E\x0D\x0A\x09\x09\x09\x09\x3C"
    "\x41\x63\x74\x69\x6F\x6E\x52\x65\x66\x65\x72\x65\x6E\x63\x65\x20"
    "\x4E\x61\x6D\x65\x3D\x22\x47\x72\x61\x62\x57\x61\x6C\x6C\x22\x20"
    "\x44\x75\x72\x61\x74\x69\x6F\x6E\x3D\x22\x31\x30\x30\x22\x20\x2F"
    "\x3E\x0D\x0A\x09\x09\x09\x3C\x2F\x41\x63\x74\x69\x6F\x6E\x3E\x0D"
    "\x0A\x09\x09\x3C\x2F\x41\x63\x74\x69\x6F\x6E\x3E\x0D\x0A\x0D\x0A"
    "\x09\x09\x3C\x21\x2D\x2D\x20\x41\x4C\x57\x41\x59\x53\x20\x52\x45"
    "\x51\x55\x49\x52\x45\x44\x20\x2D\x2D\x3E\x0D\x0A\x09\x09\x3C\x41"
    "\x63\x74\x69\x6F\x6E\x20\x4E\x61\x6D\x65\x3D\x22\x44\x72\x61\x67"
    "\x67\x65\x64\x22\x20\x54\x79\x70\x65\x3D\x22\x53\x65\x71\x75\x65"
    "\x6E\x63\x65\x22\x20\x4C\x6F\x6F\x70\x3D\x22\x74\x72\x75\x65\x22"
    "\x3E\x0D\x0A\x09\x09\x09\x3C\x41\x63\x74\x69\x6F\x6E\x52\x65\x66"
    "\x65\x72\x65\x6E\x63\x65\x20\x4E\x61\x6D\x65\x3D\x22\x50\x69\x6E"
    "\x63\x68\x65\x64\x22\x2F\x3E\x0D\x0A\x09\x09\x09\x3C\x41\x63\x74"
    "\x69\x6F\x6E\x52\x65\x66\x65\x72\x65\x6E\x63\x65\x20\x4E\x61\x6D"
    "\x65\x3D\x22\x52\x65\x73\x69\x73\x74\x69\x6E\x67\x22\x20\x2F\x3E"
    "\x0D\x0A\x09\x09\x3C\x2F\x41\x63\x74\x69\x6F\x6E\x3E\x0D\x0A\x0D"
    "\x0A\x09\x09\x3C\x21\x2D\x2D\x20\x41\x4C\x57\x41\x59\x53\x20\x52"
    "\x45\x51\x55\x49\x52\x45\x44\x20\x2D\x2D\x3E\x0D\x0A\x09\x09\x3C"
    "\x41\x63\x74\x69\x6F\x6E\x20\x4E\x61\x6D\x65\x3D\x22\x54\x68\x72"
    "\x6F\x77\x6E\x22\x20\x54\x79\x70\x65\x3D\x22\x53\x65\x71\x75\x65"
    "\x6E\x63\x65\x22\x20\x4C\x6F\x6F\x70\x3D\x22\x66\x61\x6C\x73\x65"
    "\x22\x3E\x0D\x0A\x09\x09\x09\x3C\x41\x63\x74\x69\x6F\x6E\x52\x65"
    "\x66\x65\x72\x65\x6E\x63\x65\x20\x4E\x61\x6D\x65\x3D\x22\x46\x61"
    "\x6C\x6C\x69\x6E\x67\x22\x20\x49\x6E\x69\x74\x69\x61\x6C\x56\x58"
    "\x3D\x22\x24\x7B\x6D\x61\x73\x63\x6F\x74\x2E\x65\x6E\x76\x69\x72"
    "\x6F\x6E\x6D\x65\x6E\x74\x2E\x63\x75\x72\x73\x6F\x72\x2E\x64\x78"
    "\x7D\x22\x20\x49\x6E\x69\x74\x69\x61\x6C\x56\x59\x3D\x22\x24\x7B"
    "\x6D\x61\x73\x63\x6F\x74\x2E\x65\x6E\x76\x69\x72\x6F\x6E\x6D\x65"
    "\x6E\x74\x2E\x63\x75\x72\x73\x6F\x72\x2E\x64\x79\x7D\x22\x2F\x3E"
    "\x0D\x0A\x09\x09\x09\x3C\x41\x63\x74\x69\x6F\x6E\x20\x54\x79\x70"
    "\x65\x3D\x22\x53\x65\x6C\x65\x63\x74\x22\x3E\x0D\x0A\x09\x09\x09"
    "\x09\x3C\x41\x63\x74\x69\x6F\x6E\x20\x54\x79\x70\x65\x3D\x22\x53"
    "\x65\x71\x75\x65\x6E\x63\x65\x22\x20\x43\x6F\x6E\x64\x69\x74\x69"
    "\x6F\x6E\x3D\x22\x24\x7B\x6D\x61\x73\x63\x6F\x74\x2E\x65\x6E\x76"
    "\x69\x72\x6F\x6E\x6D\x65\x6E\x74\x2E\x66\x6C\x6F\x6F\x72\x2E\x69"
    "\x73\x4F\x6E\x28\x6D\x61\x73\x63\x6F\x74\x2E\x61\x6E\x63\x68\x6F"
    "\x72\x29\x20\x7C\x7C\x20\x6D\x61\x73\x63\x6F\x74\x2E\x65\x6E\x76"
    "\x69\x72\x6F\x6E\x6D\x65\x6E\x74\x2E\x61\x63\x74\x69\x76\x65\x49"
    "\x45\x2E\x74\x6F\x70\x42\x6F\x72\x64\x65\x72\x2E\x69\x73\x4F\x6E"
    "\x28\x6D\x61\x73\x63\x6F\x74\x2E\x61\x6E\x63\x68\x6F\x72\x29\x20"
    "\x7D\x22\x3E\x0D\x0A\x09\x09\x09\x09\x09\x3C\x41\x63\x74\x69\x6F"
    "\x6E\x52\x65\x66\x65\x72\x65\x6E\x63\x65\x20\x4E\x61\x6D\x65\x3D"
    "\x22\x42\x6F\x75\x6E\x63\x69\x6E\x67\x22\x2F\x3E\x0D\x0A\x09\x09"
    "\x09\x09\x09\x3C\x41\x63\x74\x69\x6F\x6E\x52\x65\x66\x65\x72\x65"
    "\x6E\x63\x65\x20\x4E\x61\x6D\x65\x3D\x22\x53\x74\x61\x6E\x64\x22"
    "\x20\x44\x75\x72\x61\x74\x69\x6F\x6E\x3D\x22\x24\x7B\x31\x30\x30"
    "\x2B\x4D\x61\x74\x68\x2E\x72\x61\x6E\x64\x6F\x6D\x28\x29\x2A\x31"
    "\x30\x30\x7D\x22\x20\x2F\x3E\x0D\x0A\x09\x09\x09\x09\x3C\x2F\x41"
    "\x63\x74\x69\x6F\x6E\x3E\x0D\x0A\x09\x09\x09\x09\x3C\x41\x63\x74"
    "\x69\x6F\x6E\x52\x65\x66\x65\x72\x65\x6E\x63\x65\x20\x4E\x61\x6D"
    "\x65\x3D\x22\x47\x72\x61\x62\x57\x61\x6C\x6C\x22\x20\x44\x75\x72"
    "\x61\x74\x69\x6F\x6E\x3D\x22\x31\x30\x30\x22\x20\x2F\x3E\x0D\x0A"
    "\x09\x09\x09\x3C\x2F\x41\x63\x74\x69\x6F\x6E\x3E\x0D\x0A\x09\x09"
    "\x3C\x2F\x41\x63\x74\x69\x6F\x6E\x3E\x0D\x0A\x0D\x0A\x09\x09\x3C"
    "\x41\x63\x74\x69\x6F\x6E\x20\x4E\x61\x6D\x65\x3D\x22\x53\x74\x61"
    "\x6E\x64\x55\x70\x22\x20\x54\x79\x70\x65\x3D\x22\x53\x65\x71\x75"
    "\x65\x6E\x63\x65\x22\x20\x4C\x6F\x6F\x70\x3D\x22\x66\x61\x6C\x73"
    "\x65\x22\x3E\x0D\x0A\x09\x09\x09\x3C\x41\x63\x74\x69\x6F\x6E\x52"
    "\x65\x66\x65\x72\x65\x6E\x63\x65\x20\x4E\x61\x6D\x65\x3D\x22\x53"
    "\x74\x61\x6E\x64\x22\x20\x44\x75\x72\x61\x74\x69\x6F\x6E\x3D\x22"
    "\x24\x7B\x35\x30\x30\x2B\x4D\x61\x74\x68\x2E\x72\x61\x6E\x64\x6F"
    "\x6D\x28\x29\x2A\x31\x30\x30\x30\x7D\x22\x20\x2F\x3E\x0D\x0A\x09"
    "\x09\x3C\x2F\x41\x63\x74\x69\x6F\x6E\x3E\x0D\x0A\x0D\x0A\x09\x09"
    "\x3C\x41\x63\x74\x69\x6F\x6E\x20\x4E\x61\x6D\x65\x3D\x22\x53\x69"
    "\x74\x44\x6F\x77\x6E\x22\x20\x54\x79\x70\x65\x3D\x22\x53\x65\x71"
    "\x75\x65\x6E\x63\x65\x22\x20\x4C\x6F\x6F\x70\x3D\x22\x66\x61\x6C"
    "\x73\x65\x22\x3E\x0D\x0A\x09\x09\x09\x3C\x41\x63\x74\x69\x6F\x6E"
    "\x52\x65\x66\x65\x72\x65\x6E\x63\x65\x20\x4E\x61\x6D\x65\x3D\x22"
    "\x53\x69\x74\x22\x20\x44\x75\x72\x61\x74\x69\x6F\x6E\x3D\x22\x24"
    "\x7B\x35\x30\x30\x2B\x4D\x61\x74\x68\x2E\x72\x61\x6E\x64\x6F\x6D"
    "\x28\x29\x2A\x31\x30\x30\x30\x7D\x22\x20\x2F\x3E\x0D\x0A\x09\x09"
    "\x3C\x2F\x41\x63\x74\x69\x6F\x6E\x3E\x0D\x0A\x0D\x0A\x09\x09\x3C"
    "\x41\x63\x74\x69\x6F\x6E\x20\x4E\x61\x6D\x65\x3D\x22\x4C\x69\x65"
    "\x44\x6F\x77\x6E\x22\x20\x54\x79\x70\x65\x3D\x22\x53\x65\x71\x75"
    "\x65\x6E\x63\x65\x22\x20\x4C\x6F\x6F\x70\x3D\x22\x66\x61\x6C\x73"
    "\x65\x22\x3E\x0D\x0A\x09\x09\x09\x3C\x41\x63\x74\x69\x6F\x6E\x52"
    "\x65\x66\x65\x72\x65\x6E\x63\x65\x20\x4E\x61\x6D\x65\x3D\x22\x53"
    "\x70\x72\x61\x77\x6C\x22\x20\x44\x75\x72\x61\x74\x69\x6F\x6E\x3D"
    "\x22\x24\x7B\x35\x30\x30\x2B\x4D\x61\x74\x68\x2E\x72\x61\x6E\x64"
    "\x6F\x6D\x28\x29\x2A\x31\x30\x30\x30\x7D\x22\x20\x2F\x3E\x0D\x0A"
    "\x09\x09\x3C\x2F\x41\x63\x74\x69\x6F\x6E\x3E\x0D\x0A\x0D\x0A\x09"
    "\x09\x3C\x41\x63\x74\x69\x6F\x6E\x20\x4E\x61\x6D\x65\x3D\x22\x53"
    "\x69\x74\x57\x68\x69\x6C\x65\x44\x61\x6E\x67\x6C\x69\x6E\x67\x4C"
    "\x65\x67\x73\x22\x20\x54\x79\x70\x65\x3D\x22\x53\x65\x71\x75\x65"
    "\x6E\x63\x65\x22\x20\x4C\x6F\x6F\x70\x3D\x22\x66\x61\x6C\x73\x65"
    "\x22\x3E\x0D\x0A\x09\x09\x09\x3C\x41\x63\x74\x69\x6F\x6E\x52\x65"
    "\x66\x65\x72\x65\x6E\x63\x65\x20\x4E\x61\x6D\x65\x3D\x22\x53\x69"
    "\x74\x57\x69\x74\x68\x4C\x65\x67\x73\x55\x70\x22\x20\x44\x75\x72"
    "\x61\x74\x69\x6F\x6E\x3D\x22\x31\x30\x22\x20\x2F\x3E\x0D\x0A\x09"
    "\x09\x09\x3C\x41\x63\x74\x69\x6F\x6E\x52\x65\x66\x65\x72\x65\x6E"
    "\x63\x65\x20\x4E\x61\x6D\x65\x3D\x22\x53\x69\x74\x57\x69\x74\x68"
    "\x4C\x65\x67\x73\x44\x6F\x77\x6E\x22\x20\x44\x75\x72\x61\x74\x69"
    "\x6F\x6E\x3D\x22\x24\x7B\x31\x30\x30\x2B\x4D\x61\x74\x68\x2E\x72"
    "\x61\x6E\x64\x6F\x6D\x28\x29\x2A\x31\x30\x30\x7D\x22\x20\x2F\x3E"
    "\x0D\x0A\x09\x09\x09\x3C\x41\x63\x74\x69\x6F\x6E\x52\x65\x66\x65"
    "\x72\x65\x6E\x63\x65\x20\x4E\x61\x6D\x65\x3D\x22\x53\x69\x74\x41"
    "\x6E\x64\x44\x61\x6E\x67\x6C\x65\x4C\x65\x67\x73\x22\x20\x44\x75"
    "\x72\x61\x74\x69\x6F\x6E\x3D\x22\x24\x7B\x35\x30\x30\x2B\x4D\x61"
    "\x74\x68\x2E\x72\x61\x6E\x64\x6F\x6D\x28\x29\x2A\x31\x30\x30\x7D"
    "\x22\x20\x2F\x3E\x0D\x0A\x09\x09\x09\x3C\x41\x63\x74\x69\x6F\x6E"
    "\x52\x65\x66\x65\x72\x65\x6E\x63\x65\x20\x4E\x61\x6D\x65\x3D\x22"
    "\x53\x69\x74\x57\x69\x74\x68\x4C\x65\x67\x73\x44\x6F\x77\x6E\x22"
    "\x20\x44\x75\x72\x61\x74\x69\x6F\x6E\x3D\x22\x24\x7B\x31\x30\x30"
    "\x2B\x4D\x61\x74\x68\x2E\x72\x61\x6E\x64\x6F\x6D\x28\x29\x2A\x31"
    "\x30\x30\x7D\x22\x20\x2F\x3E\x0D\x0A\x09\x09\x09\x3C\x41\x63\x74"
    "\x69\x6F\x6E\x52\x65\x66\x65\x72\x65\x6E\x63\x65\x20\x4E\x61\x6D"
    "\x65\x3D\x22\x53\x69\x74\x57\x69\x74\x68\x4C\x65\x67\x73\x55\x70"
    "\x22\x20\x44\x75\x72\x61\x74\x69\x6F\x6E\x3D\x22\x31\x30\x22\x20"
    "\x2F\x3E\x0D\x0A\x09\x09\x3C\x2F\x41\x63\x74\x69\x6F\x6E\x3E\x0D"
    "\x0A\x0D\x0A\x09\x09\x3C\x41\x63\x74\x69\x6F\x6E\x20\x4E\x61\x6D"
    "\x65\x3D\x22\x48\x6F\x6C\x64\x4F\x6E\x74\x6F\x57\x61\x6C\x6C\x22"
    "\x20\x54\x79\x70\x65\x3D\x22\x53\x65\x71\x75\x65\x6E\x63\x65\x22"
    "\x20\x4C\x6F\x6F\x70\x3D\x22\x66\x61\x6C\x73\x65\x22\x3E\x0D\x0A"
    "\x09\x09\x09\x3C\x41\x63\x74\x69\x6F\x6E\x52\x65\x66\x65\x72\x65"
    "\x6E\x63\x65\x20\x4E\x61\x6D\x65\x3D\x22\x47\x72\x61\x62\x57\x61"
    "\x6C\x6C\x22\x20\x44\x75\x72\x61\x74\x69\x6F\x6E\x3D\x22\x24\x7B"
    "\x35\x30\x30\x2B\x4D\x61\x74\x68\x2E\x72\x61\x6E\x64\x6F\x6D\x28"
    "\x29\x2A\x31\x30\x30\x30\x7D\x22\x20\x2F\x3E\x0D\x0A\x09\x09\x3C"
    "\x2F\x41\x63\x74\x69\x6F\x6E\x3E\x0D\x0A\x0D\x0A\x09\x09\x3C\x41"
    "\x63\x74\x69\x6F\x6E\x20\x4E\x61\x6D\x65\x3D\x22\x46\x61\x6C\x6C"
    "\x46\x72\x6F\x6D\x57\x61\x6C\x6C\x22\x20\x54\x79\x70\x65\x3D\x22"
    "\x53\x65\x71\x75\x65\x6E\x63\x65\x22\x20\x4C\x6F\x6F\x70\x3D\x22"
    "\x66\x61\x6C\x73\x65\x22\x3E\x0D\x0A\x09\x09\x09\x3C\x41\x63\x74"
    "\x69\x6F\x6E\x52\x65\x66\x65\x72\x65\x6E\x63\x65\x20\x4E\x61\x6D"
    "\x65\x3D\x22\x4F\x66\x66\x73\x65\x74\x22\x20\x58\x3D\x22\x24\x7B"
    "\x6D\x61\x73\x63\x6F\x74\x2E\x6C\x6F\x6F\x6B\x52\x69\x67\x68\x74"
    "\x20\x3F\x20\x2D\x31\x20\x3A\x20\x31\x7D\x22\x20\x2F\x3E\x0D\x0A"
    "\x09\x09\x09\x3C\x41\x63\x74\x69\x6F\x6E\x52\x65\x66\x65\x72\x65"
    "\x6E\x63\x65\x20\x4E\x61\x6D\x65\x3D\x22\x53\x74\x61\x6E\x64\x22"
    "\x20\x2F\x3E\x0D\x0A\x09\x09\x3C\x2F\x41\x63\x74\x69\x6F\x6E\x3E"
    "\x0D\x0A\x0D\x0A\x09\x09\x3C\x41\x63\x74\x69\x6F\x6E\x20\x4E\x61"
    "\x6D\x65\x3D\x22\x48\x6F\x6C\x64\x4F\x6E\x74\x6F\x43\x65\x69\x6C"
    "\x69\x6E\x67\x22\x20\x54\x79\x70\x65\x3D\x22\x53\x65\x71\x75\x65"
    "\x6E\x63\x65\x22\x20\x4C\x6F\x6F\x70\x3D\x22\x66\x61\x6C\x73\x65"
    "\x22\x3E\x0D\x0A\x09\x09\x09\x3C\x41\x63\x74\x69\x6F\x6E\x52\x65"
    "\x66\x65\x72\x65\x6E\x63\x65\x20\x4E\x61\x6D\x65\x3D\x22\x47\x72"
    "\x61\x62\x43\x65\x69\x6C\x69\x6E\x67\x22\x20\x44\x75\x72\x61\x74"
    "\x69\x6F\x6E\x3D\x22\x24\x7B\x35\x30\x30\x2B\x4D\x61\x74\x68\x2E"
    "\x72\x61\x6E\x64\x6F\x6D\x28\x29\x2A\x31\x30\x30\x30\x7D\x22\x20"
    "\x2F\x3E\x0D\x0A\x09\x09\x3C\x2F\x41\x63\x74\x69\x6F\x6E\x3E\x0D"
    "\x0A\x0D\x0A\x09\x09\x3C\x41\x63\x74\x69\x6F\x6E\x20\x4E\x61\x6D"
    "\x65\x3D\x22\x46\x61\x6C\x6C\x46\x72\x6F\x6D\x43\x65\x69\x6C\x69"
    "\x6E\x67\x22\x20\x54\x79\x70\x65\x3D\x22\x53\x65\x71\x75\x65\x6E"
    "\x63\x65\x22\x20\x4C\x6F\x6F\x70\x3D\x22\x66\x61\x6C\x73\x65\x22"
    "\x3E\x0D\x0A\x09\x09\x09\x3C\x41\x63\x74\x69\x6F\x6E\x52\x65\x66"
    "\x65\x72\x65\x6E\x63\x65\x20\x4E\x61\x6D\x65\x3D\x22\x4F\x66\x66"
    "\x73\x65\x74\x22\x20\x59\x3D\x22\x31\x22\x20\x2F\x3E\x0D\x0A\x09"
    "\x09\x09\x3C\x41\x63\x74\x69\x6F\x6E\x52\x65\x66\x65\x72\x65\x6E"
    "\x63\x65\x20\x4E\x61\x6D\x65\x3D\x22\x53\x74\x61\x6E\x64\x22\x20"
    "\x2F\x3E\x0D\x0A\x09\x09\x3C\x2F\x41\x63\x74\x69\x6F\x6E\x3E\x0D"
    "\x0A\x0D\x0A\x09\x09\x3C\x41\x63\x74\x69\x6F\x6E\x20\x4E\x61\x6D"
    "\x65\x3D\x22\x57\x61\x6C\x6B\x41\x6C\x6F\x6E\x67\x57\x6F\x72\x6B"
    "\x41\x72\x65\x61\x46\x6C\x6F\x6F\x72\x22\x20\x54\x79\x70\x65\x3D"
    "\x22\x53\x65\x71\x75\x65\x6E\x63\x65\x22\x20\x4C\x6F\x6F\x70\x3D"
    "\x22\x66\x61\x6C\x73\x65\x22\x3E\x0D\x0A\x09\x09\x09\x3C\x41\x63"
    "\x74\x69\x6F\x6E\x52\x65\x66\x65\x72\x65\x6E\x63\x65\x20\x4E\x61"
    "\x6D\x65\x3D\x22\x57\x61\x6C\x6B\x22\x20\x54\x61\x72\x67\x65\x74"
    "\x58\x3D\x22\x24\x7B\x6D\x61\x73\x63\x6F\x74\x2E\x65\x6E\x76\x69"
    "\x72\x6F\x6E\x6D\x65\x6E\x74\x2E\x77\x6F\x72\x6B\x41\x72\x65\x61"
    "\x2E\x6C\x65\x66\x74\x2B\x36\x34\x2B\x4D\x61\x74\x68\x2E\x72\x61"
    "\x6E\x64\x6F\x6D\x28\x29\x2A\x28\x6D\x61\x73\x63\x6F\x74\x2E\x65"
    "\x6E\x76\x69\x72\x6F\x6E\x6D\x65\x6E\x74\x2E\x77\x6F\x72\x6B\x41"
    "\x72\x65\x61\x2E\x77\x69\x64\x74\x68\x2D\x31\x32\x38\x29\x7D\x22"
    "\x20\x2F\x3E\x0D\x0A\x09\x09\x3C\x2F\x41\x63\x74\x69\x6F\x6E\x3E"
    "\x0D\x0A\x0D\x0A\x09\x09\x3C\x41\x63\x74\x69\x6F\x6E\x20\x4E\x61"
    "\x6D\x65\x3D\x22\x52\x75\x6E\x41\x6C\x6F\x6E\x67\x57\x6F\x72\x6B"
    "\x41\x72\x65\x61\x46\x6C\x6F\x6F\x72\x22\x20\x54\x79\x70\x65\x3D"
    "\x22\x53\x65\x71\x75\x65\x6E\x63\x65\x22\x20\x4C\x6F\x6F\x70\x3D"
    "\x22\x66\x61\x6C\x73\x65\x22\x3E\x0D\x0A\x09\x09\x09\x3C\x41\x63"
    "\x74\x69\x6F\x6E\x52\x65\x66\x65\x72\x65\x6E\x63\x65\x20\x4E\x61"
    "\x6D\x65\x3D\x22\x52\x75\x6E\x22\x20\x54\x61\x72\x67\x65\x74\x58"
    "\x3D\x22\x24\x7B\x6D\x61\x73\x63\x6F\x74\x2E\x65\x6E\x76\x69\x72"
    "\x6F\x6E\x6D\x65\x6E\x74\x2E\x77\x6F\x72\x6B\x41\x72\x65\x61\x2E"
    "\x6C\x65\x66\x74\x2B\x36\x34\x2B\x4D\x61\x74\x68\x2E\x72\x61\x6E"
    "\x64\x6F\x6D\x28\x29\x2A\x28\x6D\x61\x73\x63\x6F\x74\x2E\x65\x6E"
    "\x76\x69\x72\x6F\x6E\x6D\x65\x6E\x74\x2E\x77\x6F\x72\x6B\x41\x72"
    "\x65\x61\x2E\x77\x69\x64\x74\x68\x2D\x31\x32\x38\x29\x7D\x22\x20"
    "\x2F\x3E\x0D\x0A\x09\x09\x3C\x2F\x41\x63\x74\x69\x6F\x6E\x3E\x0D"
    "\x0A\x0D\x0A\x09\x09\x3C\x41\x63\x74\x69\x6F\x6E\x20\x4E\x61\x6D"
    "\x65\x3D\x22\x43\x72\x61\x77\x6C\x41\x6C\x6F\x6E\x67\x57\x6F\x72"
    "\x6B\x41\x72\x65\x61\x46\x6C\x6F\x6F\x72\x22\x20\x54\x79\x70\x65"
    "\x3D\x22\x53\x65\x71\x75\x65\x6E\x63\x65\x22\x20\x4C\x6F\x6F\x70"
    "\x3D\x22\x66\x61\x6C\x73\x65\x22\x3E\x0D\x0A\x09\x09\x09\x3C\x41"
    "\x63\x74\x69\x6F\x6E\x52\x65\x66\x65\x72\x65\x6E\x63\x65\x20\x4E"
    "\x61\x6D\x65\x3D\x22\x43\x72\x65\x65\x70\x22\x20\x54\x61\x72\x67"
    "\x65\x74\x58\x3D\x22\x24\x7B\x6D\x61\x73\x63\x6F\x74\x2E\x65\x6E"
    "\x76\x69\x72\x6F\x6E\x6D\x65\x6E\x74\x2E\x77\x6F\x72\x6B\x41\x72"
    "\x65\x61\x2E\x6C\x65\x66\x74\x2B\x36\x34\x2B\x4D\x61\x74\x68\x2E"
    "\x72\x61\x6E\x64\x6F\x6D\x28\x29\x2A\x28\x6D\x61\x73\x63\x6F\x74"
    "\x2E\x65\x6E\x76\x69\x72\x6F\x6E\x6D\x65\x6E\x74\x2E\x77\x6F\x72"
    "\x6B\x41\x72\x65\x61\x2E\x77\x69\x64\x74\x68\x2D\x31\x32\x38\x29"
    "\x7D\x22\x20\x2F\x3E\x0D\x0A\x09\x09\x3C\x2F\x41\x63\x74\x69\x6F"
    "\x6E\x3E\x0D\x0A\x0D\x0A\x09\x09\x3C\x41\x63\x74\x69\x6F\x6E\x20"
    "\x4E\x61\x6D\x65\x3D\x22\x57\x61\x6C\x6B\x4C\x65\x66\x74\x41\x6C"
    "\x6F\x6E\x67\x46\x6C\x6F\x6F\x72\x41\x6E\x64\x53\x69\x74\x22\x20"
    "\x54\x79\x70\x65\x3D\x22\x53\x65\x71\x75\x65\x6E\x63\x65\x22\x20"
    "\x4C\x6F\x6F\x70\x3D\x22\x66\x61\x6C\x73\x65\x22\x3E\x0D\x0A\x09"
    "\x09\x09\x3C\x41\x63\x74\x69\x6F\x6E\x52\x65\x66\x65\x72\x65\x6E"
    "\x63\x65\x20\x4E\x61\x6D\x65\x3D\x22\x57\x61\x6C\x6B\x22\x20\x54"
    "\x61\x72\x67\x65\x74\x58\x3D\x22\x24\x7B\x6D\x61\x73\x63\x6F\x74"
    "\x2E\x65\x6E\x76\x69\x72\x6F\x6E\x6D\x65\x6E\x74\x2E\x77\x6F\x72"
    "\x6B\x41\x72\x65\x61\x2E\x6C\x65\x66\x74\x2B\x31\x30\x30\x2B\x4D"
    "\x61\x74\x68\x2E\x72\x61\x6E\x64\x6F\x6D\x28\x29\x2A\x33\x30\x30"
    "\x7D\x22\x20\x2F\x3E\x0D\x0A\x09\x09\x09\x3C\x41\x63\x74\x69\x6F"
    "\x6E\x52\x65\x66\x65\x72\x65\x6E\x63\x65\x20\x4E\x61\x6D\x65\x3D"
    "\x22\x53\x74\x61\x6E\x64\x22\x20\x44\x75\x72\x61\x74\x69\x6F\x6E"
    "\x3D\x22\x24\x7B\x32\x30\x2B\x4D\x61\x74\x68\x2E\x72\x61\x6E\x64"
    "\x6F\x6D\x28\x29\x2A\x32\x30\x7D\x22\x20\x2F\x3E\x0D\x0A\x09\x09"
    "\x09\x3C\x41\x63\x74\x69\x6F\x6E\x52\x65\x66\x65\x72\x65\x6E\x63"
    "\x65\x20\x4E\x61\x6D\x65\x3D\x22\x4C\x6F\x6F\x6B\x22\x20\x4C\x6F"
    "\x6F\x6B\x52\x69\x67\x68\x74\x3D\x22\x74\x72\x75\x65\x22\x20\x2F"
    "\x3E\x0D\x0A\x09\x09\x09\x3C\x41\x63\x74\x69\x6F\x6E\x52\x65\x66"
    "\x65\x72\x65\x6E\x63\x65\x20\x4E\x61\x6D\x65\x3D\x22\x53\x74\x61"
    "\x6E\x64\x22\x20\x44\x75\x72\x61\x74\x69\x6F\x6E\x3D\x22\x24\x7B"
    "\x32\x30\x2B\x4D\x61\x74\x68\x2E\x72\x61\x6E\x64\x6F\x6D\x28\x29"
    "\x2A\x32\x30\x7D\x22\x20\x2F\x3E\x0D\x0A\x09\x09\x09\x3C\x41\x63"
    "\x74\x69\x6F\x6E\x52\x65\x66\x65\x72\x65\x6E\x63\x65\x20\x4E\x61"
    "\x6D\x65\x3D\x22\x53\x69\x74\x22\x20\x44\x75\x72\x61\x74\x69\x6F"
    "\x6E\x3D\x22\x24\x7B\x35\x30\x30\x2B\x4D\x61\x74\x68\x2E\x72\x61"
    "\x6E\x64\x6F\x6D\x28\x29\x2A\x31\x30\x30\x30\x7D\x22\x20\x2F\x3E"
    "\x0D\x0A\x09\x09\x3C\x2F\x41\x63\x74\x69\x6F\x6E\x3E\x0D\x0A\x0D"
    "\x0A\x09\x09\x3C\x41\x63\x74\x69\x6F\x6E\x20\x4E\x61\x6D\x65\x3D"
    "\x22\x57\x61\x6C\x6B\x52\x69\x67\x68\x74\x41\x6C\x6F\x6E\x67\x46"
    "\x6C\x6F\x6F\x72\x41\x6E\x64\x53\x69\x74\x22\x20\x54\x79\x70\x65"
    "\x3D\x22\x53\x65\x71\x75\x65\x6E\x63\x65\x22\x20\x4C\x6F\x6F\x70"
    "\x3D\x22\x66\x61\x6C\x73\x65\x22\x3E\x0D\x0A\x09\x09\x09\x3C\x41"
    "\x63\x74\x69\x6F\x6E\x52\x65\x66\x65\x72\x65\x6E\x63\x65\x20\x4E"
    "\x61\x6D\x65\x3D\x22\x57\x61\x6C\x6B\x22\x20\x54\x61\x72\x67\x65"
    "\x74\x58\x3D\x22\x24\x7B\x6D\x61\x73\x63\x6F\x74\x2E\x65\x6E\x76"
    "\x69\x72\x6F\x6E\x6D\x65\x6E\x74\x2E\x77\x6F\x72\x6B\x41\x72\x65"
    "\x61\x2E\x72\x69\x67\x68\x74\x2D\x31\x30\x30\x2D\x4D\x61\x74\x68"
    "\x2E\x72\x61\x6E\x64\x6F\x6D\x28\x29\x2A\x33\x30\x30\x7D\x22\x20"
    "\x2F\x3E\x0D\x0A\x09\x09\x09\x3C\x41\x63\x74\x69\x6F\x6E\x52\x65"
    "\x66\x65\x72\x65\x6E\x63\x65\x20\x4E\x61\x6D\x65\x3D\x22\x53\x74"
    "\x61\x6E\x64\x22\x20\x44\x75\x72\x61\x74\x69\x6F\x6E\x3D\x22\x24"
    "\x7B\x32\x30\x2B\x4D\x61\x74\x68\x2E\x72\x61\x6E\x64\x6F\x6D\x28"
    "\x29\x2A\x32\x30\x7D\x22\x20\x2F\x3E\x0D\x0A\x09\x09\x09\x3C\x41"
    "\x63\x74\x69\x6F\x6E\x52\x65\x66\x65\x72\x65\x6E\x63\x65\x20\x4E"
    "\x61\x6D\x65\x3D\x22\x4C\x6F\x6F\x6B\x22\x20\x4C\x6F\x6F\x6B\x52"
    "\x69\x67\x68\x74\x3D\x22\x66\x61\x6C\x73\x65\x22\x20\x2F\x3E\x0D"
    "\x0A\x09\x09\x09\x3C\x41\x63\x74\x69\x6F\x6E\x52\x65\x66\x65\x72"
    "\x65\x6E\x63\x65\x20\x4E\x61\x6D\x65\x3D\x22\x53\x74\x61\x6E\x64"
    "\x22\x20\x44\x75\x72\x61\x74\x69\x6F\x6E\x3D\x22\x24\x7B\x32\x30"
    "\x2B\x4D\x61\x74\x68\x2E\x72\x61\x6E\x64\x6F\x6D\x28\x29\x2A\x32"
    "\x30\x7D\x22\x20\x2F\x3E\x0D\x0A\x09\x09\x09\x3C\x41\x63\x74\x69"
    "\x6F\x6E\x52\x65\x66\x65\x72\x65\x6E\x63\x65\x20\x4E\x61\x6D\x65"
    "\x3D\x22\x53\x69\x74\x22\x20\x44\x75\x72\x61\x74\x69\x6F\x6E\x3D"
    "\x22\x24\x7B\x35\x30\x30\x2B\x4D\x61\x74\x68\x2E\x72\x61\x6E\x64"
    "\x6F\x6D\x28\x29\x2A\x31\x30\x30\x30\x7D\x22\x20\x2F\x3E\x0D\x0A"
    "\x09\x09\x3C\x2F\x41\x63\x74\x69\x6F\x6E\x3E\x0D\x0A\x0D\x0A\x09"
    "\x09\x3C\x41\x63\x74\x69\x6F\x6E\x20\x4E\x61\x6D\x65\x3D\x22\x47"
    "\x72\x61\x62\x57\x6F\x72\x6B\x41\x72\x65\x61\x42\x6F\x74\x74\x6F"
    "\x6D\x4C\x65\x66\x74\x57\x61\x6C\x6C\x22\x20\x54\x79\x70\x65\x3D"
    "\x22\x53\x65\x71\x75\x65\x6E\x63\x65\x22\x20\x4C\x6F\x6F\x70\x3D"
    "\x22\x66\x61\x6C\x73\x65\x22\x3E\x0D\x0A\x09\x09\x09\x3C\x41\x63"
    "\x74\x69\x6F\x6E\x52\x65\x66\x65\x72\x65\x6E\x63\x65\x20\x4E\x61"
    "\x6D\x65\x3D\x22\x57\x61\x6C\x6B\x22\x20\x54\x61\x72\x67\x65\x74"
    "\x58\x3D\x22\x23\x7B\x6D\x61\x73\x63\x6F\x74\x2E\x65\x6E\x76\x69"
    "\x72\x6F\x6E\x6D\x65\x6E\x74\x2E\x77\x6F\x72\x6B\x41\x72\x65\x61"
    "\x2E\x6C\x65\x66\x74\x7D\x22\x20\x2F\x3E\x0D\x0A\x09\x09\x09\x3C"
    "\x41\x63\x74\x69\x6F\x6E\x52\x65\x66\x65\x72\x65\x6E\x63\x65\x20"
    "\x4E\x61\x6D\x65\x3D\x22\x43\x6C\x69\x6D\x62\x57\x61\x6C\x6C\x22"
    "\x20\x54\x61\x72\x67\x65\x74\x59\x3D\x22\x23\x7B\x6D\x61\x73\x63"
    "\x6F\x74\x2E\x65\x6E\x76\x69\x72\x6F\x6E\x6D\x65\x6E\x74\x2E\x77"
    "\x6F\x72\x6B\x41\x72\x65\x61\x2E\x62\x6F\x74\x74\x6F\x6D\x2D\x36"
    "\x34\x7D\x22\x20\x2F\x3E\x0D\x0A\x09\x09\x3C\x2F\x41\x63\x74\x69"
    "\x6F\x6E\x3E\x0D\x0A\x0D\x0A\x09\x09\x3C\x41\x63\x74\x69\x6F\x6E"
    "\x20\x4E\x61\x6D\x65\x3D\x22\x47\x72\x61\x62\x57\x6F\x72\x6B\x41"
    "\x72\x65\x61\x42\x6F\x74\x74\x6F\x6D\x52\x69\x67\x68\x74\x57\x61"
    "\x6C\x6C\x22\x20\x54\x79\x70\x65\x3D\x22\x53\x65\x71\x75\x65\x6E"
    "\x63\x65\x22\x20\x4C\x6F\x6F\x70\x3D\x22\x66\x61\x6C\x73\x65\x22"
    "\x3E\x0D\x0A\x09\x09\x09\x3C\x41\x63\x74\x69\x6F\x6E\x52\x65\x66"
    "\x65\x72\x65\x6E\x63\x65\x20\x4E\x61\x6D\x65\x3D\x22\x57\x61\x6C"
    "\x6B\x22\x20\x54\x61\x72\x67\x65\x74\x58\x3D\x22\x23\x7B\x6D\x61"
    "\x73\x63\x6F\x74\x2E\x65\x6E\x76\x69\x72\x6F\x6E\x6D\x65\x6E\x74"
    "\x2E\x77\x6F\x72\x6B\x41\x72\x65\x61\x2E\x72\x69\x67\x68\x74\x7D"
    "\x22\x20\x2F\x3E\x0D\x0A\x09\x09\x09\x3C\x41\x63\x74\x69\x6F\x6E"
    "\x52\x65\x66\x65\x72\x65\x6E\x63\x65\x20\x4E\x61\x6D\x65\x3D\x22"
    "\x43\x6C\x69\x6D\x62\x57\x61\x6C\x6C\x22\x20\x54\x61\x72\x67\x65"
    "\x74\x59\x3D\x22\x23\x7B\x6D\x61\x73\x63\x6F\x74\x2E\x65\x6E\x76"
    "\x69\x72\x6F\x6E\x6D\x65\x6E\x74\x2E\x77\x6F\x72\x6B\x41\x72\x65"
    "\x61\x2E\x62\x6F\x74\x74\x6F\x6D\x2D\x36\x34\x7D\x22\x20\x2F\x3E"
    "\x0D\x0A\x09\x09\x3C\x2F\x41\x63\x74\x69\x6F\x6E\x3E\x0D\x0A\x0D"
    "\x0A\x09\x09\x3C\x41\x63\x74\x69\x6F\x6E\x20\x4E\x61\x6D\x65\x3D"
    "\x22\x57\x61\x6C\x6B\x4C\x65\x66\x74\x41\x6E\x64\x53\x69\x74\x22"
    "\x20\x54\x79\x70\x65\x3D\x22\x53\x65\x71\x75\x65\x6E\x63\x65\x22"
    "\x20\x4C\x6F\x6F\x70\x3D\x22\x66\x61\x6C\x73\x65\x22\x3E\x0D\x0A"
    "\x09\x09\x09\x3C\x41\x63\x74\x69\x6F\x6E\x52\x65\x66\x65\x72\x65"
    "\x6E\x63\x65\x20\x4E\x61\x6D\x65\x3D\x22\x52\x75\x6E\x22\x20\x54"
    "\x61\x72\x67\x65\x74\x58\x3D\x22\x24\x7B\x6D\x61\x73\x63\x6F\x74"
    "\x2E\x65\x6E\x76\x69\x72\x6F\x6E\x6D\x65\x6E\x74\x2E\x77\x6F\x72"
    "\x6B\x41\x72\x65\x61\x2E\x6C\x65\x66\x74\x2B\x31\x30\x30\x2B\x4D"
    "\x61\x74\x68\x2E\x72\x61\x6E\x64\x6F\x6D\x28\x29\x2A\x33\x30\x30"
    "\x7D\x22\x20\x2F\x3E\x0D\x0A\x09\x09\x09\x3C\x41\x63\x74\x69\x6F"
    "\x6E\x52\x65\x66\x65\x72\x65\x6E\x63\x65\x20\x4E\x61\x6D\x65\x3D"
    "\x22\x53\x74\x61\x6E\x64\x22\x20\x44\x75\x72\x61\x74\x69\x6F\x6E"
    "\x3D\x22\x24\x7B\x32\x30\x2B\x4D\x61\x74\x68\x2E\x72\x61\x6E\x64"
    "\x6F\x6D\x28\x29\x2A\x32\x30\x7D\x22\x20\x2F\x3E\x0D\x0A\x09\x09"
    "\x09\x3C\x41\x63\x74\x69\x6F\x6E\x52\x65\x66\x65\x72\x65\x6E\x63"
    "\x65\x20\x4E\x61\x6D\x65\x3D\x22\x4C\x6F\x6F\x6B\x22\x20\x4C\x6F"
    "\x6F\x6B\x52\x69\x67\x68\x74\x3D\x22\x74\x72\x75\x65\x22\x20\x2F"
    "\x3E\x0D\x0A\x09\x09\x09\x3C\x41\x63\x74\x69\x6F\x6E\x52\x65\x66"
    "\x65\x72\x65\x6E\x63\x65\x20\x4E\x61\x6D\x65\x3D\x22\x53\x74\x61"
    "\x6E\x64\x22\x20\x44\x75\x72\x61\x74\x69\x6F\x6E\x3D\x22\x24\x7B"
    "\x32\x30\x2B\x4D\x61\x74\x68\x2E\x72\x61\x6E\x64\x6F\x6D\x28\x29"
    "\x2A\x32\x30\x7D\x22\x20\x2F\x3E\x0D\x0A\x09\x09\x09\x3C\x41\x63"
    "\x74\x69\x6F\x6E\x52\x65\x66\x65\x72\x65\x6E\x63\x65\x20\x4E\x61"
    "\x6D\x65\x3D\x22\x53\x69\x74\x22\x20\x44\x75\x72\x61\x74\x69\x6F"
    "\x6E\x3D\x22\x24\x7B\x35\x30\x30\x2B\x4D\x61\x74\x68\x2E\x72\x61"
    "\x6E\x64\x6F\x6D\x28\x29\x2A\x31\x30\x30\x30\x7D\x22\x20\x2F\x3E"
    "\x0D\x0A\x09\x09\x3C\x2F\x41\x63\x74\x69\x6F\x6E\x3E\x0D\x0A\x0D"
    "\x0A\x09\x09\x3C\x41\x63\x74\x69\x6F\x6E\x20\x4E\x61\x6D\x65\x3D"
    "\x22\x57\x61\x6C\x6B\x52\x69\x67\x68\x74\x41\x6E\x64\x53\x69\x74"
    "\x22\x20\x54\x79\x70\x65\x3D\x22\x53\x65\x71\x75\x65\x6E\x63\x65"
    "\x22\x20\x4C\x6F\x6F\x70\x3D\x22\x66\x61\x6C\x73\x65\x22\x3E\x0D"
    "\x0A\x09\x09\x09\x3C\x41\x63\x74\x69\x6F\x6E\x52\x65\x66\x65\x72"
    "\x65\x6E\x63\x65\x20\x4E\x61\x6D\x65\x3D\x22\x52\x75\x6E\x22\x20"
    "\x54\x61\x72\x67\x65\x74\x58\x3D\x22\x24\x7B\x6D\x61\x73\x63\x6F"
    "\x74\x2E\x65\x6E\x76\x69\x72\x6F\x6E\x6D\x65\x6E\x74\x2E\x77\x6F"
    "\x72\x6B\x41\x72\x65\x61\x2E\x72\x69\x67\x68\x74\x2D\x31\x30\x30"
    "\x2D\x4D\x61\x74\x68\x2E\x72\x61\x6E\x64\x6F\x6D\x28\x29\x2A\x33"
    "\x30\x30\x7D\x22\x20\x2F\x3E\x0D\x0A\x09\x09\x09\x3C\x41\x63\x74"
    "\x69\x6F\x6E\x52\x65\x66\x65\x72\x65\x6E\x63\x65\x20\x4E\x61\x6D"
    "\x65\x3D\x22\x53\x74\x61\x6E\x64\x22\x20\x44\x75\x72\x61\x74\x69"
    "\x6F\x6E\x3D\x22\x24\x7B\x32\x30\x2B\x4D\x61\x74\x68\x2E\x72\x61"
    "\x6E\x64\x6F\x6D\x28\x29\x2A\x32\x30\x7D\x22\x20\x2F\x3E\x0D\x0A"
    "\x09\x09\x09\x3C\x41\x63\x74\x69\x6F\x6E\x52\x65\x66\x65\x72\x65"
    "\x6E\x63\x65\x20\x4E\x61\x6D\x65\x3D\x22\x4C\x6F\x6F\x6B\x22\x20"
    "\x4C\x6F\x6F\x6B\x52\x69\x67\x68\x74\x3D\x22\x66\x61\x6C\x73\x65"
    "\x22\x20\x2F\x3E\x0D\x0A\x09\x09\x09\x3C\x41\x63\x74\x69\x6F\x6E"
    "\x52\x65\x66\x65\x72\x65\x6E\x63\x65\x20\x4E\x61\x6D\x65\x3D\x22"
    "\x53\x74\x61\x6E\x64\x22\x20\x44\x75\x72\x61\x74\x69\x6F\x6E\x3D"
    "\x22\x24\x7B\x32\x30\x2B\x4D\x61\x74\x68\x2E\x72\x61\x6E\x64\x6F"
    "\x6D\x28\x29\x2A\x32\x30\x7D\x22\x20\x2F\x3E\x0D\x0A\x09\x09\x09"
    "\x3C\x41\x63\x74\x69\x6F\x6E\x52\x65\x66\x65\x72\x65\x6E\x63\x65"
    "\x20\x4E\x61\x6D\x65\x3D\x22\x53\x69\x74\x22\x20\x44\x75\x72\x61"
    "\x74\x69\x6F\x6E\x3D\x22\x24\x7B\x35\x30\x30\x2B\x4D\x61\x74\x68"
    "\x2E\x72\x61\x6E\x64\x6F\x6D\x28\x29\x2A\x31\x30\x30\x30\x7D\x22"
    "\x20\x2F\x3E\x0D\x0A\x09\x09\x3C\x2F\x41\x63\x74\x69\x6F\x6E\x3E"
    "\x0D\x0A\x0D\x0A\x09\x09\x3C\x41\x63\x74\x69\x6F\x6E\x20\x4E\x61"
    "\x6D\x65\x3D\x22\x57\x61\x6C\x6B\x41\x6E\x64\x47\x72\x61\x62\x42"
    "\x6F\x74\x74\x6F\x6D\x4C\x65\x66\x74\x57\x61\x6C\x6C\x22\x20\x54"
    "\x79\x70\x65\x3D\x22\x53\x65\x71\x75\x65\x6E\x63\x65\x22\x20\x4C"
    "\x6F\x6F\x70\x3D\x22\x66\x61\x6C\x73\x65\x22\x3E\x0D\x0A\x09\x09"
    "\x09\x3C\x41\x63\x74\x69\x6F\x6E\x52\x65\x66\x65\x72\x65\x6E\x63"
    "\x65\x20\x4E\x61\x6D\x65\x3D\x22\x52\x75\x6E\x22\x20\x54\x61\x72"
    "\x67\x65\x74\x58\x3D\x22\x23\x7B\x6D\x61\x73\x63\x6F\x74\x2E\x65"
    "\x6E\x76\x69\x72\x6F\x6E\x6D\x65\x6E\x74\x2E\x77\x6F\x72\x6B\x41"
    "\x72\x65\x61\x2E\x6C\x65\x66\x74\x7D\x22\x20\x2F\x3E\x0D\x0A\x09"
    "\x09\x09\x3C\x41\x63\x74\x69\x6F\x6E\x52\x65\x66\x65\x72\x65\x6E"
    "\x63\x65\x20\x4E\x61\x6D\x65\x3D\x22\x43\x6C\x69\x6D\x62\x57\x61"
    "\x6C\x6C\x22\x20\x54\x61\x72\x67\x65\x74\x59\x3D\x22\x23\x7B\x6D"
    "\x61\x73\x63\x6F\x74\x2E\x65\x6E\x76\x69\x72\x6F\x6E\x6D\x65\x6E"
    "\x74\x2E\x77\x6F\x72\x6B\x41\x72\x65\x61\x2E\x62\x6F\x74\x74\x6F"
    "\x6D\x2D\x36\x34\x7D\x22\x20\x2F\x3E\x0D\x0A\x09\x09\x3C\x2F\x41"
    "\x63\x74\x69\x6F\x6E\x3E\x0D\x0A\x0D\x0A\x09\x09\x3C\x41\x63\x74"
    "\x69\x6F\x6E\x20\x4E\x61\x6D\x65\x3D\x22\x57\x61\x6C\x6B\x41\x6E"
    "\x64\x47\x72\x61\x62\x42\x6F\x74\x74\x6F\x6D\x52\x69\x67\x68\x74"
    "\x57\x61\x6C\x6C\x22\x20\x54\x79\x70\x65\x3D\x22\x53\x65\x71\x75"
    "\x65\x6E\x63\x65\x22\x20\x4C\x6F\x6F\x70\x3D\x22\x66\x61\x6C\x73"
    "\x65\x22\x3E\x0D\x0A\x09\x09\x09\x3C\x41\x63\x74\x69\x6F\x6E\x52"
    "\x65\x66\x65\x72\x65\x6E\x63\x65\x20\x4E\x61\x6D\x65\x3D\x22\x52"
    "\x75\x6E\x22\x20\x54\x61\x72\x67\x65\x74\x58\x3D\x22\x23\x7B\x6D"
    "\x61\x73\x63\x6F\x74\x2E\x65\x6E\x76\x69\x72\x6F\x6E\x6D\x65\x6E"
    "\x74\x2E\x77\x6F\x72\x6B\x41\x72\x65\x61\x2E\x72\x69\x67\x68\x74"
    "\x7D\x22\x20\x2F\x3E\x0D\x0A\x09\x09\x09\x3C\x41\x63\x74\x69\x6F"
    "\x6E\x52\x65\x66\x65\x72\x65\x6E\x63\x65\x20\x4E\x61\x6D\x65\x3D"
    "\x22\x43\x6C\x69\x6D\x62\x57\x61\x6C\x6C\x22\x20\x54\x61\x72\x67"
    "\x65\x74\x59\x3D\x22\x23\x7B\x6D\x61\x73\x63\x6F\x74\x2E\x65\x6E"
    "\x76\x69\x72\x6F\x6E\x6D\x65\x6E\x74\x2E\x77\x6F\x72\x6B\x41\x72"
    "\x65\x61\x2E\x62\x6F\x74\x74\x6F\x6D\x2D\x36\x34\x7D\x22\x20\x2F"
    "\x3E\x0D\x0A\x09\x09\x3C\x2F\x41\x63\x74\x69\x6F\x6E\x3E\x0D\x0A"
    "\x0D\x0A\x09\x09\x3C\x41\x63\x74\x69\x6F\x6E\x20\x4E\x61\x6D\x65"
    "\x3D\x22\x4A\x75\x6D\x70\x46\x72\x6F\x6D\x42\x6F\x74\x74\x6F\x6D"
    "\x4F\x66\x49\x45\x22\x20\x54\x79\x70\x65\x3D\x22\x53\x65\x71\x75"
    "\x65\x6E\x63\x65\x22\x20\x4C\x6F\x6F\x70\x3D\x22\x66\x61\x6C\x73"
    "\x65\x22\x3E\x0D\x0A\x09\x09\x09\x3C\x41\x63\x74\x69\x6F\x6E\x52"
    "\x65\x66\x65\x72\x65\x6E\x63\x65\x20\x4E\x61\x6D\x65\x3D\x22\x4A"
    "\x75\x6D\x70\x69\x6E\x67\x22\x20\x54\x61\x72\x67\x65\x74\x58\x3D"
    "\x22\x24\x7B\x28\x6D\x61\x73\x63\x6F\x74\x2E\x61\x6E\x63\x68\x6F"
    "\x72\x2E\x78\x2A\x33\x2B\x6D\x61\x73\x63\x6F\x74\x2E\x65\x6E\x76"
    "\x69\x72\x6F\x6E\x6D\x65\x6E\x74\x2E\x61\x63\x74\x69\x76\x65\x49"
    "\x45\x2E\x6C\x65\x66\x74\x2B\x4D\x61\x74\x68\x2E\x72\x61\x6E\x64"
    "\x6F\x6D\x28\x29\x2A\x6D\x61\x73\x63\x6F\x74\x2E\x65\x6E\x76\x69"
    "\x72\x6F\x6E\x6D\x65\x6E\x74\x2E\x61\x63\x74\x69\x76\x65\x49\x45"
    "\x2E\x77\x69\x64\x74\x68\x29\x2F\x34\x7D\x22\x0D\x0A\x09\x09\x09"
    "\x09\x20\x54\x61\x72\x67\x65\x74\x59\x3D\x22\x24\x7B\x6D\x61\x73"
    "\x63\x6F\x74\x2E\x65\x6E\x76\x69\x72\x6F\x6E\x6D\x65\x6E\x74\x2E"
    "\x61\x63\x74\x69\x76\x65\x49\x45\x2E\x62\x6F\x74\x74\x6F\x6D\x7D"
    "\x22\x20\x2F\x3E\x0D\x0A\x09\x09\x09\x3C\x41\x63\x74\x69\x6F\x6E"
    "\x52\x65\x66\x65\x72\x65\x6E\x63\x65\x20\x4E\x61\x6D\x65\x3D\x22"
    "\x47\x72\x61\x62\x43\x65\x69\x6C\x69\x6E\x67\x22\x20\x44\x75\x72"
    "\x61\x74\x69\x6F\x6E\x3D\x22\x24\x7B\x31\x30\x30\x2B\x4D\x61\x74"
    "\x68\x2E\x72\x61\x6E\x64\x6F\x6D\x28\x29\x2A\x31\x30\x30\x7D\x22"
    "\x20\x2F\x3E\x0D\x0A\x09\x09\x3C\x2F\x41\x63\x74\x69\x6F\x6E\x3E"
    "\x0D\x0A\x0D\x0A\x09\x09\x3C\x41\x63\x74\x69\x6F\x6E\x20\x4E\x61"
    "\x6D\x65\x3D\x22\x43\x6C\x69\x6D\x62\x48\x61\x6C\x66\x77\x61\x79"
    "\x41\x6C\x6F\x6E\x67\x57\x61\x6C\x6C\x22\x20\x54\x79\x70\x65\x3D"
    "\x22\x53\x65\x71\x75\x65\x6E\x63\x65\x22\x20\x4C\x6F\x6F\x70\x3D"
    "\x22\x66\x61\x6C\x73\x65\x22\x3E\x0D\x0A\x09\x09\x09\x3C\x41\x63"
    "\x74\x69\x6F\x6E\x52\x65\x66\x65\x72\x65\x6E\x63\x65\x20\x4E\x61"
    "\x6D\x65\x3D\x22\x43\x6C\x69\x6D\x62\x57\x61\x6C\x6C\x22\x20\x54"
    "\x61\x72\x67\x65\x74\x59\x3D\x22\x24\x7B\x6D\x61\x73\x63\x6F\x74"
    "\x2E\x65\x6E\x76\x69\x72\x6F\x6E\x6D\x65\x6E\x74\x2E\x77\x6F\x72"
    "\x6B\x41\x72\x65\x61\x2E\x74\x6F\x70\x2B\x36\x34\x20\x2B\x20\x4D"
    "\x61\x74\x68\x2E\x72\x61\x6E\x64\x6F\x6D\x28\x29\x2A\x28\x6D\x61"
    "\x73\x63\x6F\x74\x2E\x65\x6E\x76\x69\x72\x6F\x6E\x6D\x65\x6E\x74"
    "\x2E\x77\x6F\x72\x6B\x41\x72\x65\x61\x2E\x68\x65\x69\x67\x68\x74"
    "\x2D\x31\x32\x38\x29\x7D\x22\x20\x2F\x3E\x0D\x0A\x09\x09\x3C\x2F"
    "\x41\x63\x74\x69\x6F\x6E\x3E\x0D\x0A\x0D\x0A\x09\x09\x3C\x41\x63"
    "\x74\x69\x6F\x6E\x20\x4E\x61\x6D\x65\x3D\x22\x43\x6C\x69\x6D\x62"
    "\x41\x6C\x6F\x6E\x67\x57\x61\x6C\x6C\x22\x20\x54\x79\x70\x65\x3D"
    "\x22\x53\x65\x71\x75\x65\x6E\x63\x65\x22\x20\x4C\x6F\x6F\x70\x3D"
    "\x22\x66\x61\x6C\x73\x65\x22\x3E\x0D\x0A\x09\x09\x09\x3C\x41\x63"
    "\x74\x69\x6F\x6E\x52\x65\x66\x65\x72\x65\x6E\x63\x65\x20\x4E\x61"
    "\x6D\x65\x3D\x22\x43\x6C\x69\x6D\x62\x57\x61\x6C\x6C\x22\x20\x54"
    "\x61\x72\x67\x65\x74\x59\x3D\x22\x23\x7B\x6D\x61\x73\x63\x6F\x74"
    "\x2E\x65\x6E\x76\x69\x72\x6F\x6E\x6D\x65\x6E\x74\x2E\x77\x6F\x72"
    "\x6B\x41\x72\x65\x61\x2E\x74\x6F\x70\x2B\x36\x34\x7D\x22\x20\x2F"
    "\x3E\x0D\x0A\x09\x09\x09\x3C\x41\x63\x74\x69\x6F\x6E\x52\x65\x66"
    "\x65\x72\x65\x6E\x63\x65\x20\x4E\x61\x6D\x65\x3D\x22\x4F\x66\x66"
    "\x73\x65\x74\x22\x20\x59\x3D\x22\x2D\x36\x34\x22\x20\x2F\x3E\x0D"
    "\x0A\x09\x09\x09\x3C\x41\x63\x74\x69\x6F\x6E\x52\x65\x66\x65\x72"
    "\x65\x6E\x63\x65\x20\x4E\x61\x6D\x65\x3D\x22\x4C\x6F\x6F\x6B\x22"
    "\x20\x2F\x3E\x0D\x0A\x09\x09\x09\x3C\x41\x63\x74\x69\x6F\x6E\x52"
    "\x65\x66\x65\x72\x65\x6E\x63\x65\x20\x4E\x61\x6D\x65\x3D\x22\x43"
    "\x6C\x69\x6D\x62\x43\x65\x69\x6C\x69\x6E\x67\x22\x20\x54\x61\x72"
    "\x67\x65\x74\x58\x3D\x22\x24\x7B\x6D\x61\x73\x63\x6F\x74\x2E\x6C"
    "\x6F\x6F\x6B\x52\x69\x67\x68\x74\x20\x3F\x20\x6D\x61\x73\x63\x6F"
    "\x74\x2E\x65\x6E\x76\x69\x72\x6F\x6E\x6D\x65\x6E\x74\x2E\x77\x6F"
    "\x72\x6B\x41\x72\x65\x61\x2E\x6C\x65\x66\x74\x2B\x4D\x61\x74\x68"
    "\x2E\x72\x61\x6E\x64\x6F\x6D\x28\x29\x2A\x31\x30\x30\x20\x3A\x20"
    "\x6D\x61\x73\x63\x6F\x74\x2E\x65\x6E\x76\x69\x72\x6F\x6E\x6D\x65"
    "\x6E\x74\x2E\x77\x6F\x72\x6B\x41\x72\x65\x61\x2E\x72\x69\x67\x68"
    "\x74\x2D\x4D\x61\x74\x68\x2E\x72\x61\x6E\x64\x6F\x6D\x2A\x31\x30"
    "\x30\x7D\x22\x20\x2F\x3E\x0D\x0A\x09\x09\x3C\x2F\x41\x63\x74\x69"
    "\x6F\x6E\x3E\x0D\x0A\x0D\x0A\x09\x09\x3C\x41\x63\x74\x69\x6F\x6E"
    "\x20\x4E\x61\x6D\x65\x3D\x22\x43\x6C\x69\x6D\x62\x41\x6C\x6F\x6E"
    "\x67\x43\x65\x69\x6C\x69\x6E\x67\x22\x20\x54\x79\x70\x65\x3D\x22"
    "\x53\x65\x71\x75\x65\x6E\x63\x65\x22\x20\x4C\x6F\x6F\x70\x3D\x22"
    "\x66\x61\x6C\x73\x65\x22\x3E\x0D\x0A\x09\x09\x09\x3C\x41\x63\x74"
    "\x69\x6F\x6E\x52\x65\x66\x65\x72\x65\x6E\x63\x65\x20\x4E\x61\x6D"
    "\x65\x3D\x22\x43\x6C\x69\x6D\x62\x43\x65\x69\x6C\x69\x6E\x67\x22"
    "\x20\x54\x61\x72\x67\x65\x74\x58\x3D\x22\x24\x7B\x6D\x61\x73\x63"
    "\x6F\x74\x2E\x65\x6E\x76\x69\x72\x6F\x6E\x6D\x65\x6E\x74\x2E\x77"
    "\x6F\x72\x6B\x41\x72\x65\x61\x2E\x6C\x65\x66\x74\x2B\x36\x34\x2B"
    "\x4D\x61\x74\x68\x2E\x72\x61\x6E\x64\x6F\x6D\x28\x29\x2A\x28\x6D"
    "\x61\x73\x63\x6F\x74\x2E\x65\x6E\x76\x69\x72\x6F\x6E\x6D\x65\x6E"
    "\x74\x2E\x77\x6F\x72\x6B\x41\x72\x65\x61\x2E\x77\x69\x64\x74\x68"
    "\x2D\x31\x32\x38\x29\x7D\x22\x20\x2F\x3E\x0D\x0A\x09\x09\x3C\x2F"
    "\x41\x63\x74\x69\x6F\x6E\x3E\x0D\x0A\x0D\x0A\x09\x09\x3C\x41\x63"
    "\x74\x69\x6F\x6E\x20\x4E\x61\x6D\x65\x3D\x22\x57\x61\x6C\x6B\x41"
    "\x6C\x6F\x6E\x67\x49\x45\x43\x65\x69\x6C\x69\x6E\x67\x22\x20\x54"
    "\x79\x70\x65\x3D\x22\x53\x65\x71\x75\x65\x6E\x63\x65\x22\x20\x4C"
    "\x6F\x6F\x70\x3D\x22\x66\x61\x6C\x73\x65\x22\x3E\x0D\x0A\x09\x09"
    "\x09\x3C\x41\x63\x74\x69\x6F\x6E\x52\x65\x66\x65\x72\x65\x6E\x63"
    "\x65\x20\x4E\x61\x6D\x65\x3D\x22\x57\x61\x6C\x6B\x22\x20\x54\x61"
    "\x72\x67\x65\x74\x58\x3D\x22\x24\x7B\x6D\x61\x73\x63\x6F\x74\x2E"
    "\x65\x6E\x76\x69\x72\x6F\x6E\x6D\x65\x6E\x74\x2E\x61\x63\x74\x69"
    "\x76\x65\x49\x45\x2E\x6C\x65\x66\x74\x2B\x36\x34\x2B\x4D\x61\x74"
    "\x68\x2E\x72\x61\x6E\x64\x6F\x6D\x28\x29\x2A\x28\x6D\x61\x73\x63"
    "\x6F\x74\x2E\x65\x6E\x76\x69\x72\x6F\x6E\x6D\x65\x6E\x74\x2E\x61"
    "\x63\x74\x69\x76\x65\x49\x45\x2E\x77\x69\x64\x74\x68\x2D\x31\x32"
    "\x38\x29\x7D\x22\x20\x2F\x3E\x0D\x0A\x09\x09\x3C\x2F\x41\x63\x74"
    "\x69\x6F\x6E\x3E\x0D\x0A\x0D\x0A\x09\x09\x3C\x41\x63\x74\x69\x6F"
    "\x6E\x20\x4E\x61\x6D\x65\x3D\x22\x52\x75\x6E\x41\x6C\x6F\x6E\x67"
    "\x49\x45\x43\x65\x69\x6C\x69\x6E\x67\x22\x20\x54\x79\x70\x65\x3D"
    "\x22\x53\x65\x71\x75\x65\x6E\x63\x65\x22\x20\x4C\x6F\x6F\x70\x3D"
    "\x22\x66\x61\x6C\x73\x65\x22\x3E\x0D\x0A\x09\x09\x09\x3C\x41\x63"
    "\x74\x69\x6F\x6E\x52\x65\x66\x65\x72\x65\x6E\x63\x65\x20\x4E\x61"
    "\x6D\x65\x3D\x22\x52\x75\x6E\x22\x20\x54\x61\x72\x67\x65\x74\x58"
    "\x3D\x22\x24\x7B\x6D\x61\x73\x63\x6F\x74\x2E\x65\x6E\x76\x69\x72"
    "\x6F\x6E\x6D\x65\x6E\x74\x2E\x61\x63\x74\x69\x76\x65\x49\x45\x2E"
    "\x6C\x65\x66\x74\x2B\x36\x34\x2B\x4D\x61\x74\x68\x2E\x72\x61\x6E"
    "\x64\x6F\x6D\x28\x29\x2A\x28\x6D\x61\x73\x63\x6F\x74\x2E\x65\x6E"
    "\x76\x69\x72\x6F\x6E\x6D\x65\x6E\x74\x2E\x61\x63\x74\x69\x76\x65"
    "\x49\x45\x2E\x77\x69\x64\x74\x68\x2D\x31\x32\x38\x29\x7D\x22\x20"
    "\x2F\x3E\x0D\x0A\x09\x09\x3C\x2F\x41\x63\x74\x69\x6F\x6E\x3E\x0D"
    "\x0A\x0D\x0A\x09\x09\x3C\x41\x63\x74\x69\x6F\x6E\x20\x4E\x61\x6D"
    "\x65\x3D\x22\x43\x72\x61\x77\x6C\x41\x6C\x6F\x6E\x67\x49\x45\x43"
    "\x65\x69\x6C\x69\x6E\x67\x22\x20\x54\x79\x70\x65\x3D\x22\x53\x65"
    "\x71\x75\x65\x6E\x63\x65\x22\x20\x4C\x6F\x6F\x70\x3D\x22\x66\x61"
    "\x6C\x73\x65\x22\x3E\x0D\x0A\x09\x09\x09\x3C\x41\x63\x74\x69\x6F"
    "\x6E\x52\x65\x66\x65\x72\x65\x6E\x63\x65\x20\x4E\x61\x6D\x65\x3D"
    "\x22\x43\x72\x65\x65\x70\x22\x20\x54\x61\x72\x67\x65\x74\x58\x3D"
    "\x22\x24\x7B\x6D\x61\x73\x63\x6F\x74\x2E\x65\x6E\x76\x69\x72\x6F"
    "\x6E\x6D\x65\x6E\x74\x2E\x61\x63\x74\x69\x76\x65\x49\x45\x2E\x6C"
    "\x65\x66\x74\x2B\x36\x34\x2B\x4D\x61\x74\x68\x2E\x72\x61\x6E\x64"
    "\x6F\x6D\x28\x29\x2A\x28\x6D\x61\x73\x63\x6F\x74\x2E\x65\x6E\x76"
    "\x69\x72\x6F\x6E\x6D\x65\x6E\x74\x2E\x61\x63\x74\x69\x76\x65\x49"
    "\x45\x2E\x77\x69\x64\x74\x68\x2D\x31\x32\x38\x29\x7D\x22\x20\x2F"
    "\x3E\x0D\x0A\x09\x09\x3C\x2F\x41\x63\x74\x69\x6F\x6E\x3E\x0D\x0A"
    "\x0D\x0A\x09\x09\x3C\x41\x63\x74\x69\x6F\x6E\x20\x4E\x61\x6D\x65"
    "\x3D\x22\x53\x69\x74\x4F\x6E\x54\x68\x65\x4C\x65\x66\x74\x45\x64"
    "\x67\x65\x4F\x66\x49\x45\x22\x20\x54\x79\x70\x65\x3D\x22\x53\x65"
    "\x71\x75\x65\x6E\x63\x65\x22\x20\x4C\x6F\x6F\x70\x3D\x22\x66\x61"
    "\x6C\x73\x65\x22\x3E\x0D\x0A\x09\x09\x09\x3C\x41\x63\x74\x69\x6F"
    "\x6E\x52\x65\x66\x65\x72\x65\x6E\x63\x65\x20\x4E\x61\x6D\x65\x3D"
    "\x22\x57\x61\x6C\x6B\x22\x20\x54\x61\x72\x67\x65\x74\x58\x3D\x22"
    "\x24\x7B\x6D\x61\x73\x63\x6F\x74\x2E\x65\x6E\x76\x69\x72\x6F\x6E"
    "\x6D\x65\x6E\x74\x2E\x61\x63\x74\x69\x76\x65\x49\x45\x2E\x6C\x65"
    "\x66\x74\x2B\x31\x30\x30\x2B\x4D\x61\x74\x68\x2E\x72\x61\x6E\x64"
    "\x6F\x6D\x28\x29\x2A\x33\x30\x30\x7D\x22\x20\x2F\x3E\x0D\x0A\x09"
    "\x09\x09\x3C\x41\x63\x74\x69\x6F\x6E\x52\x65\x66\x65\x72\x65\x6E"
    "\x63\x65\x20\x4E\x61\x6D\x65\x3D\x22\x53\x74\x61\x6E\x64\x22\x20"
    "\x44\x75\x72\x61\x74\x69\x6F\x6E\x3D\x22\x24\x7B\x31\x30\x30\x2B"
    "\x4D\x61\x74\x68\x2E\x72\x61\x6E\x64\x6F\x6D\x28\x29\x2A\x31\x30"
    "\x30\x7D\x22\x20\x2F\x3E\x0D\x0A\x09\x09\x09\x3C\x41\x63\x74\x69"
    "\x6F\x6E\x52\x65\x66\x65\x72\x65\x6E\x63\x65\x20\x4E\x61\x6D\x65"
    "\x3D\x22\x53\x69\x74\x22\x20\x44\x75\x72\x61\x74\x69\x6F\x6E\x3D"
    "\x22\x24\x7B\x35\x30\x30\x2B\x4D\x61\x74\x68\x2E\x72\x61\x6E\x64"
    "\x6F\x6D\x28\x29\x2A\x31\x30\x30\x30\x7D\x22\x20\x2F\x3E\x0D\x0A"
    "\x09\x09\x3C\x2F\x41\x63\x74\x69\x6F\x6E\x3E\x0D\x0A\x0D\x0A\x09"
    "\x09\x3C\x41\x63\x74\x69\x6F\x6E\x20\x4E\x61\x6D\x65\x3D\x22\x53"
    "\x69\x74\x4F\x6E\x54\x68\x65\x52\x69\x67\x68\x74\x45\x64\x67\x65"
    "\x4F\x66\x49\x45\x22\x20\x54\x79\x70\x65\x3D\x22\x53\x65\x71\x75"
    "\x65\x6E\x63\x65\x22\x20\x4C\x6F\x6F\x70\x3D\x22\x66\x61\x6C\x73"
    "\x65\x22\x3E\x0D\x0A\x09\x09\x09\x3C\x41\x63\x74\x69\x6F\x6E\x52"
    "\x65\x66\x65\x72\x65\x6E\x63\x65\x20\x4E\x61\x6D\x65\x3D\x22\x57"
    "\x61\x6C\x6B\x22\x20\x54\x61\x72\x67\x65\x74\x58\x3D\x22\x24\x7B"
    "\x6D\x61\x73\x63\x6F\x74\x2E\x65\x6E\x76\x69\x72\x6F\x6E\x6D\x65"
    "\x6E\x74\x2E\x61\x63\x74\x69\x76\x65\x49\x45\x2E\x72\x69\x67\x68"
    "\x74\x2D\x31\x30\x30\x2D\x4D\x61\x74\x68\x2E\x72\x61\x6E\x64\x6F"
    "\x6D\x28\x29\x2A\x33\x30\x30\x7D\x22\x20\x2F\x3E\x0D\x0A\x09\x09"
    "\x09\x3C\x41\x63\x74\x69\x6F\x6E\x52\x65\x66\x65\x72\x65\x6E\x63"
    "\x65\x20\x4E\x61\x6D\x65\x3D\x22\x53\x74\x61\x6E\x64\x22\x20\x44"
    "\x75\x72\x61\x74\x69\x6F\x6E\x3D\x22\x24\x7B\x31\x30\x30\x2B\x4D"
    "\x61\x74\x68\x2E\x72\x61\x6E\x64\x6F\x6D\x28\x29\x2A\x31\x30\x30"
    "\x7D\x22\x20\x2F\x3E\x0D\x0A\x09\x09\x09\x3C\x41\x63\x74\x69\x6F"
    "\x6E\x52\x65\x66\x65\x72\x65\x6E\x63\x65\x20\x4E\x61\x6D\x65\x3D"
    "\x22\x53\x69\x74\x22\x20\x44\x75\x72\x61\x74\x69\x6F\x6E\x3D\x22"
    "\x24\x7B\x35\x30\x30\x2B\x4D\x61\x74\x68\x2E\x72\x61\x6E\x64\x6F"
    "\x6D\x28\x29\x2A\x31\x30\x30\x30\x7D\x22\x20\x2F\x3E\x0D\x0A\x09"
    "\x09\x3C\x2F\x41\x63\x74\x69\x6F\x6E\x3E\x0D\x0A\x0D\x0A\x09\x09"
    "\x3C\x41\x63\x74\x69\x6F\x6E\x20\x4E\x61\x6D\x65\x3D\x22\x4A\x75"
    "\x6D\x70\x46\x72\x6F\x6D\x4C\x65\x66\x74\x45\x64\x67\x65\x4F\x66"
    "\x49\x45\x22\x20\x54\x79\x70\x65\x3D\x22\x53\x65\x71\x75\x65\x6E"
    "\x63\x65\x22\x20\x4C\x6F\x6F\x70\x3D\x22\x66\x61\x6C\x73\x65\x22"
    "\x3E\x0D\x0A\x09\x09\x09\x3C\x41\x63\x74\x69\x6F\x6E\x52\x65\x66"
    "\x65\x72\x65\x6E\x63\x65\x20\x4E\x61\x6D\x65\x3D\x22\x57\x61\x6C"
    "\x6B\x22\x20\x54\x61\x72\x67\x65\x74\x58\x3D\x22\x24\x7B\x6D\x61"
    "\x73\x63\x6F\x74\x2E\x65\x6E\x76\x69\x72\x6F\x6E\x6D\x65\x6E\x74"
    "\x2E\x61\x63\x74\x69\x76\x65\x49\x45\x2E\x6C\x65\x66\x74\x2B\x4D"
    "\x61\x74\x68\x2E\x72\x61\x6E\x64\x6F\x6D\x28\x29\x2A\x35\x30\x7D"
    "\x22\x20\x2F\x3E\x0D\x0A\x09\x09\x09\x3C\x41\x63\x74\x69\x6F\x6E"
    "\x52\x65\x66\x65\x72\x65\x6E\x63\x65\x20\x4E\x61\x6D\x65\x3D\x22"
    "\x53\x74\x61\x6E\x64\x22\x20\x44\x75\x72\x61\x74\x69\x6F\x6E\x3D"
    "\x22\x24\x7B\x35\x30\x2B\x4D\x61\x74\x68\x2E\x72\x61\x6E\x64\x6F"
    "\x6D\x28\x29\x2A\x35\x30\x7D\x22\x20\x2F\x3E\x0D\x0A\x09\x09\x09"
    "\x3C\x41\x63\x74\x69\x6F\x6E\x52\x65\x66\x65\x72\x65\x6E\x63\x65"
    "\x20\x4E\x61\x6D\x65\x3D\x22\x46\x61\x6C\x6C\x69\x6E\x67\x22\x20"
    "\x49\x6E\x69\x74\x69\x61\x6C\x56\x58\x3D\x22\x24\x7B\x2D\x31\x35"
    "\x2D\x4D\x61\x74\x68\x2E\x72\x61\x6E\x64\x6F\x6D\x28\x29\x2A\x35"
    "\x7D\x22\x20\x49\x6E\x69\x74\x69\x61\x6C\x56\x59\x3D\x22\x24\x7B"
    "\x2D\x32\x30\x2D\x4D\x61\x74\x68\x2E\x72\x61\x6E\x64\x6F\x6D\x28"
    "\x29\x2A\x35\x7D\x22\x2F\x3E\x0D\x0A\x09\x09\x09\x3C\x41\x63\x74"
    "\x69\x6F\x6E\x52\x65\x66\x65\x72\x65\x6E\x63\x65\x20\x4E\x61\x6D"
    "\x65\x3D\x22\x42\x6F\x75\x6E\x63\x69\x6E\x67\x22\x20\x2F\x3E\x0D"
    "\x0A\x09\x09\x3C\x2F\x41\x63\x74\x69\x6F\x6E\x3E\x0D\x0A\x0D\x0A"
    "\x09\x09\x3C\x41\x63\x74\x69\x6F\x6E\x20\x4E\x61\x6D\x65\x3D\x22"
    "\x4A\x75\x6D\x70\x46\x72\x6F\x6D\x52\x69\x67\x68\x74\x45\x64\x67"
    "\x65\x4F\x66\x49\x45\x22\x20\x54\x79\x70\x65\x3D\x22\x53\x65\x71"
    "\x75\x65\x6E\x63\x65\x22\x20\x4C\x6F\x6F\x70\x3D\x22\x66\x61\x6C"
    "\x73\x65\x22\x3E\x0D\x0A\x09\x09\x09\x3C\x41\x63\x74\x69\x6F\x6E"
    "\x52\x65\x66\x65\x72\x65\x6E\x63\x65\x20\x4E\x61\x6D\x65\x3D\x22"
    "\x57\x61\x6C\x6B\x22\x20\x54\x61\x72\x67\x65\x74\x58\x3D\x22\x24"
    "\x7B\x6D\x61\x73\x63\x6F\x74\x2E\x65\x6E\x76\x69\x72\x6F\x6E\x6D"
    "\x65\x6E\x74\x2E\x61\x63\x74\x69\x76\x65\x49\x45\x2E\x72\x69\x67"
    "\x68\x74\x2D\x4D\x61\x74\x68\x2E\x72\x61\x6E\x64\x6F\x6D\x28\x29"
    "\x2A\x35\x30\x7D\x22\x20\x2F\x3E\x0D\x0A\x09\x09\x09\x3C\x41\x63"
    "\x74\x69\x6F\x6E\x52\x65\x66\x65\x72\x65\x6E\x63\x65\x20\x4E\x61"
    "\x6D\x65\x3D\x22\x53\x74\x61\x6E\x64\x22\x20\x44\x75\x72\x61\x74"
    "\x69\x6F\x6E\x3D\x22\x24\x7B\x35\x30\x2B\x4D\x61\x74\x68\x2E\x72"
    "\x61\x6E\x64\x6F\x6D\x28\x29\x2A\x35\x30\x7D\x22\x20\x2F\x3E\x0D"
    "\x0A\x09\x09\x09\x3C\x41\x63\x74\x69\x6F\x6E\x52\x65\x66\x65\x72"
    "\x65\x6E\x63\x65\x20\x4E\x61\x6D\x65\x3D\x22\x46\x61\x6C\x6C\x69"
    "\x6E\x67\x22\x20\x49\x6E\x69\x74\x69\x61\x6C\x56\x58\x3D\x22\x24"
    "\x7B\x31\x35\x2B\x4D\x61\x74\x68\x2E\x72\x61\x6E\x64\x6F\x6D\x28"
    "\x29\x2A\x35\x7D\x22\x20\x49\x6E\x69\x74\x69\x61\x6C\x56\x59\x3D"
    "\x22\x24\x7B\x2D\x32\x30\x2D\x4D\x61\x74\x68\x2E\x72\x61\x6E\x64"
    "\x6F\x6D\x28\x29\x2A\x35\x7D\x22\x2F\x3E\x0D\x0A\x09\x09\x09\x3C"
    "\x41\x63\x74\x69\x6F\x6E\x52\x65\x66\x65\x72\x65\x6E\x63\x65\x20"
    "\x4E\x61\x6D\x65\x3D\x22\x42\x6F\x75\x6E\x63\x69\x6E\x67\x22\x20"
    "\x2F\x3E\x0D\x0A\x09\x09\x3C\x2F\x41\x63\x74\x69\x6F\x6E\x3E\x0D"
    "\x0A\x0D\x0A\x09\x09\x3C\x41\x63\x74\x69\x6F\x6E\x20\x4E\x61\x6D"
    "\x65\x3D\x22\x57\x61\x6C\x6B\x4C\x65\x66\x74\x41\x6C\x6F\x6E\x67"
    "\x49\x45\x41\x6E\x64\x53\x69\x74\x22\x20\x54\x79\x70\x65\x3D\x22"
    "\x53\x65\x71\x75\x65\x6E\x63\x65\x22\x20\x4C\x6F\x6F\x70\x3D\x22"
    "\x66\x61\x6C\x73\x65\x22\x3E\x0D\x0A\x09\x09\x09\x3C\x41\x63\x74"
    "\x69\x6F\x6E\x52\x65\x66\x65\x72\x65\x6E\x63\x65\x20\x4E\x61\x6D"
    "\x65\x3D\x22\x52\x75\x6E\x22\x20\x54\x61\x72\x67\x65\x74\x58\x3D"
    "\x22\x24\x7B\x6D\x61\x73\x63\x6F\x74\x2E\x65\x6E\x76\x69\x72\x6F"
    "\x6E\x6D\x65\x6E\x74\x2E\x61\x63\x74\x69\x76\x65\x49\x45\x2E\x6C"
    "\x65\x66\x74\x2B\x31\x30\x30\x2B\x4D\x61\x74\x68\x2E\x72\x61\x6E"
    "\x64\x6F\x6D\x28\x29\x2A\x33\x30\x30\x7D\x22\x20\x2F\x3E\x0D\x0A"
    "\x09\x09\x09\x3C\x41\x63\x74\x69\x6F\x6E\x52\x65\x66\x65\x72\x65"
    "\x6E\x63\x65\x20\x4E\x61\x6D\x65\x3D\x22\x53\x74\x61\x6E\x64\x22"
    "\x20\x44\x75\x72\x61\x74\x69\x6F\x6E\x3D\x22\x24\x7B\x31\x30\x30"
    "\x2B\x4D\x61\x74\x68\x2E\x72\x61\x6E\x64\x6F\x6D\x28\x29\x2A\x31"
    "\x30\x30\x7D\x22\x20\x2F\x3E\x0D\x0A\x09\x09\x09\x3C\x41\x63\x74"
    "\x69\x6F\x6E\x52\x65\x66\x65\x72\x65\x6E\x63\x65\x20\x4E\x61\x6D"
    "\x65\x3D\x22\x53\x69\x74\x22\x20\x44\x75\x72\x61\x74\x69\x6F\x6E"
    "\x3D\x22\x24\x7B\x35\x30\x30\x2B\x4D\x61\x74\x68\x2E\x72\x61\x6E"
    "\x64\x6F\x6D\x28\x29\x2A\x31\x30\x30\x30\x7D\x22\x20\x2F\x3E\x0D"
    "\x0A\x09\x09\x3C\x2F\x41\x63\x74\x69\x6F\x6E\x3E\x0D\x0A\x0D\x0A"
    "\x09\x09\x3C\x41\x63\x74\x69\x6F\x6E\x20\x4E\x61\x6D\x65\x3D\x22"
    "\x57\x61\x6C\x6B\x52\x69\x67\x68\x74\x41\x6C\x6F\x6E\x67\x49\x45"
    "\x41\x6E\x64\x53\x69\x74\x22\x20\x54\x79\x70\x65\x3D\x22\x53\x65"
    "\x71\x75\x65\x6E\x63\x65\x22\x20\x4C\x6F\x6F\x70\x3D\x22\x66\x61"
    "\x6C\x73\x65\x22\x3E\x0D\x0A\x09\x09\x09\x3C\x41\x63\x74\x69\x6F"
    "\x6E\x52\x65\x66\x65\x72\x65\x6E\x63\x65\x20\x4E\x61\x6D\x65\x3D"
    "\x22\x52\x75\x6E\x22\x20\x54\x61\x72\x67\x65\x74\x58\x3D\x22\x24"
    "\x7B\x6D\x61\x73\x63\x6F\x74\x2E\x65\x6E\x76\x69\x72\x6F\x6E\x6D"
    "\x65\x6E\x74\x2E\x61\x63\x74\x69\x76\x65\x49\x45\x2E\x72\x69\x67"
    "\x68\x74\x2D\x31\x30\x30\x2D\x4D\x61\x74\x68\x2E\x72\x61\x6E\x64"
    "\x6F\x6D\x28\x29\x2A\x33\x30\x30\x7D\x22\x20\x2F\x3E\x0D\x0A\x09"
    "\x09\x09\x3C\x41\x63\x74\x69\x6F\x6E\x52\x65\x66\x65\x72\x65\x6E"
    "\x63\x65\x20\x4E\x61\x6D\x65\x3D\x22\x53\x74\x61\x6E\x64\x22\x20"
    "\x44\x75\x72\x61\x74\x69\x6F\x6E\x3D\x22\x24\x7B\x31\x30\x30\x2B"
    "\x4D\x61\x74\x68\x2E\x72\x61\x6E\x64\x6F\x6D\x28\x29\x2A\x31\x30"
    "\x30\x7D\x22\x20\x2F\x3E\x0D\x0A\x09\x09\x09\x3C\x41\x63\x74\x69"
    "\x6F\x6E\x52\x65\x66\x65\x72\x65\x6E\x63\x65\x20\x4E\x61\x6D\x65"
    "\x3D\x22\x53\x69\x74\x22\x20\x44\x75\x72\x61\x74\x69\x6F\x6E\x3D"
    "\x22\x24\x7B\x35\x30\x30\x2B\x4D\x61\x74\x68\x2E\x72\x61\x6E\x64"
    "\x6F\x6D\x28\x29\x2A\x31\x30\x30\x30\x7D\x22\x20\x2F\x3E\x0D\x0A"
    "\x09\x09\x3C\x2F\x41\x63\x74\x69\x6F\x6E\x3E\x0D\x0A\x0D\x0A\x09"
    "\x09\x3C\x41\x63\x74\x69\x6F\x6E\x20\x4E\x61\x6D\x65\x3D\x22\x57"
    "\x61\x6C\x6B\x4C\x65\x66\x74\x41\x6C\x6F\x6E\x67\x49\x45\x41\x6E"
    "\x64\x4A\x75\x6D\x70\x22\x20\x54\x79\x70\x65\x3D\x22\x53\x65\x71"
    "\x75\x65\x6E\x63\x65\x22\x20\x4C\x6F\x6F\x70\x3D\x22\x66\x61\x6C"
    "\x73\x65\x22\x3E\x0D\x0A\x09\x09\x09\x3C\x41\x63\x74\x69\x6F\x6E"
    "\x52\x65\x66\x65\x72\x65\x6E\x63\x65\x20\x4E\x61\x6D\x65\x3D\x22"
    "\x52\x75\x6E\x22\x20\x54\x61\x72\x67\x65\x74\x58\x3D\x22\x24\x7B"
    "\x6D\x61\x73\x63\x6F\x74\x2E\x65\x6E\x76\x69\x72\x6F\x6E\x6D\x65"
    "\x6E\x74\x2E\x61\x63\x74\x69\x76\x65\x49\x45\x2E\x6C\x65\x66\x74"
    "\x2B\x4D\x61\x74\x68\x2E\x72\x61\x6E\x64\x6F\x6D\x28\x29\x2A\x35"
    "\x30\x7D\x22\x20\x2F\x3E\x0D\x0A\x09\x09\x09\x3C\x41\x63\x74\x69"
    "\x6F\x6E\x52\x65\x66\x65\x72\x65\x6E\x63\x65\x20\x4E\x61\x6D\x65"
    "\x3D\x22\x46\x61\x6C\x6C\x69\x6E\x67\x22\x20\x49\x6E\x69\x74\x69"
    "\x61\x6C\x56\x58\x3D\x22\x24\x7B\x2D\x31\x35\x2D\x4D\x61\x74\x68"
    "\x2E\x72\x61\x6E\x64\x6F\x6D\x28\x29\x2A\x35\x7D\x22\x20\x49\x6E"
    "\x69\x74\x69\x61\x6C\x56\x59\x3D\x22\x24\x7B\x2D\x32\x30\x2D\x4D"
    "\x61\x74\x68\x2E\x72\x61\x6E\x64\x6F\x6D\x28\x29\x2A\x35\x7D\x22"
    "\x2F\x3E\x0D\x0A\x09\x09\x09\x3C\x41\x63\x74\x69\x6F\x6E\x52\x65"
    "\x66\x65\x72\x65\x6E\x63\x65\x20\x4E\x61\x6D\x65\x3D\x22\x42\x6F"
    "\x75\x6E\x63\x69\x6E\x67\x22\x20\x2F\x3E\x0D\x0A\x09\x09\x3C\x2F"
    "\x41\x63\x74\x69\x6F\x6E\x3E\x0D\x0A\x0D\x0A\x09\x09\x3C\x41\x63"
    "\x74\x69\x6F\x6E\x20\x4E\x61\x6D\x65\x3D\x22\x57\x61\x6C\x6B\x52"
    "\x69\x67\x68\x74\x41\x6C\x6F\x6E\x67\x49\x45\x41\x6E\x64\x4A\x75"
    "\x6D\x70\x22\x20\x54\x79\x70\x65\x3D\x22\x53\x65\x71\x75\x65\x6E"
    "\x63\x65\x22\x20\x4C\x6F\x6F\x70\x3D\x22\x66\x61\x6C\x73\x65\x22"
    "\x3E\x0D\x0A\x09\x09\x09\x3C\x41\x63\x74\x69\x6F\x6E\x52\x65\x66"
    "\x65\x72\x65\x6E\x63\x65\x20\x4E\x61\x6D\x65\x3D\x22\x52\x75\x6E"
    "\x22\x20\x54\x61\x72\x67\x65\x74\x58\x3D\x22\x24\x7B\x6D\x61\x73"
    "\x63\x6F\x74\x2E\x65\x6E\x76\x69\x72\x6F\x6E\x6D\x65\x6E\x74\x2E"
    "\x61\x63\x74\x69\x76\x65\x49\x45\x2E\x72\x69\x67\x68\x74\x2D\x4D"
    "\x61\x74\x68\x2E\x72\x61\x6E\x64\x6F\x6D\x28\x29\x2A\x35\x30\x7D"
    "\x22\x20\x2F\x3E\x0D\x0A\x09\x09\x09\x3C\x41\x63\x74\x69\x6F\x6E"
    "\x52\x65\x66\x65\x72\x65\x6E\x63\x65\x20\x4E\x61\x6D\x65\x3D\x22"
    "\x46\x61\x6C\x6C\x69\x6E\x67\x22\x20\x49\x6E\x69\x74\x69\x61\x6C"
    "\x56\x58\x3D\x22\x24\x7B\x31\x35\x2B\x4D\x61\x74\x68\x2E\x72\x61"
    "\x6E\x64\x6F\x6D\x28\x29\x2A\x35\x7D\x22\x20\x49\x6E\x69\x74\x69"
    "\x61\x6C\x56\x59\x3D\x22\x24\x7B\x2D\x32\x30\x2D\x4D\x61\x74\x68"
    "\x2E\x72\x61\x6E\x64\x6F\x6D\x28\x29\x2A\x35\x7D\x22\x2F\x3E\x0D"
    "\x0A\x09\x09\x09\x3C\x41\x63\x74\x69\x6F\x6E\x52\x65\x66\x65\x72"
    "\x65\x6E\x63\x65\x20\x4E\x61\x6D\x65\x3D\x22\x42\x6F\x75\x6E\x63"
    "\x69\x6E\x67\x22\x20\x2F\x3E\x0D\x0A\x09\x09\x3C\x2F\x41\x63\x74"
    "\x69\x6F\x6E\x3E\x0D\x0A\x0D\x0A\x09\x09\x3C\x41\x63\x74\x69\x6F"
    "\x6E\x20\x4E\x61\x6D\x65\x3D\x22\x44\x61\x73\x68\x49\x65\x43\x65"
    "\x69\x6C\x69\x6E\x67\x4C\x65\x66\x74\x45\x64\x67\x65\x46\x72\x6F"
    "\x6D\x4A\x75\x6D\x70\x22\x20\x54\x79\x70\x65\x3D\x22\x53\x65\x71"
    "\x75\x65\x6E\x63\x65\x22\x20\x4C\x6F\x6F\x70\x3D\x22\x66\x61\x6C"
    "\x73\x65\x22\x3E\x0D\x0A\x09\x09\x09\x3C\x41\x63\x74\x69\x6F\x6E"
    "\x52\x65\x66\x65\x72\x65\x6E\x63\x65\x20\x4E\x61\x6D\x65\x3D\x22"
    "\x44\x61\x73\x68\x22\x20\x54\x61\x72\x67\x65\x74\x58\x3D\x22\x24"
    "\x7B\x6D\x61\x73\x63\x6F\x74\x2E\x65\x6E\x76\x69\x72\x6F\x6E\x6D"
    "\x65\x6E\x74\x2E\x61\x63\x74\x69\x76\x65\x49\x45\x2E\x6C\x65\x66"
    "\x74\x2B\x4D\x61\x74\x68\x2E\x72\x61\x6E\x64\x6F\x6D\x28\x29\x2A"
    "\x32\x30\x2B\x32\x30\x7D\x22\x20\x2F\x3E\x0D\x0A\x09\x09\x09\x3C"
    "\x41\x63\x74\x69\x6F\x6E\x52\x65\x66\x65\x72\x65\x6E\x63\x65\x20"
    "\x4E\x61\x6D\x65\x3D\x22\x46\x61\x6C\x6C\x69\x6E\x67\x22\x20\x49"
    "\x6E\x69\x74\x69\x61\x6C\x56\x58\x3D\x22\x24\x7B\x2D\x35\x2D\x4D"
    "\x61\x74\x68\x2E\x72\x61\x6E\x64\x6F\x6D\x28\x29\x2A\x32\x7D\x22"
    "\x20\x49\x6E\x69\x74\x69\x61\x6C\x56\x59\x3D\x22\x24\x7B\x2D\x32"
    "\x30\x2D\x4D\x61\x74\x68\x2E\x72\x61\x6E\x64\x6F\x6D\x28\x29\x2A"
    "\x35\x7D\x22\x2F\x3E\x0D\x0A\x09\x09\x09\x3C\x41\x63\x74\x69\x6F"
    "\x6E\x52\x65\x66\x65\x72\x65\x6E\x63\x65\x20\x4E\x61\x6D\x65\x3D"
    "\x22\x42\x6F\x75\x6E\x63\x69\x6E\x67\x22\x20\x2F\x3E\x0D\x0A\x09"
    "\x09\x3C\x2F\x41\x63\x74\x69\x6F\x6E\x3E\x0D\x0A\x0D\x0A\x09\x09"
    "\x3C\x41\x63\x74\x69\x6F\x6E\x20\x4E\x61\x6D\x65\x3D\x22\x44\x61"
    "\x73\x68\x49\x65\x43\x65\x69\x6C\x69\x6E\x67\x52\x69\x67\x68\x74"
    "\x45\x64\x67\x65\x46\x72\x6F\x6D\x4A\x75\x6D\x70\x22\x20\x54\x79"
    "\x70\x65\x3D\x22\x53\x65\x71\x75\x65\x6E\x63\x65\x22\x20\x4C\x6F"
    "\x6F\x70\x3D\x22\x66\x61\x6C\x73\x65\x22\x3E\x0D\x0A\x09\x09\x09"
    "\x3C\x41\x63\x74\x69\x6F\x6E\x52\x65\x66\x65\x72\x65\x6E\x63\x65"
    "\x20\x4E\x61\x6D\x65\x3D\x22\x44\x61\x73\x68\x22\x20\x54\x61\x72"
    "\x67\x65\x74\x58\x3D\x22\x24\x7B\x6D\x61\x73\x63\x6F\x74\x2E\x65"
    "\x6E\x76\x69\x72\x6F\x6E\x6D\x65\x6E\x74\x2E\x61\x63\x74\x69\x76"
    "\x65\x49\x45\x2E\x72\x69\x67\x68\x74\x2D\x4D\x61\x74\x68\x2E\x72"
    "\x61\x6E\x64\x6F\x6D\x28\x29\x2A\x32\x30\x2D\x32\x30\x7D\x22\x20"
    "\x2F\x3E\x0D\x0A\x09\x09\x09\x3C\x41\x63\x74\x69\x6F\x6E\x52\x65"
    "\x66\x65\x72\x65\x6E\x63\x65\x20\x4E\x61\x6D\x65\x3D\x22\x46\x61"
    "\x6C\x6C\x69\x6E\x67\x22\x20\x49\x6E\x69\x74\x69\x61\x6C\x56\x58"
    "\x3D\x22\x24\x7B\x35\x2B\x4D\x61\x74\x68\x2E\x72\x61\x6E\x64\x6F"
    "\x6D\x28\x29\x2A\x32\x7D\x22\x20\x49\x6E\x69\x74\x69\x61\x6C\x56"
    "\x59\x3D\x22\x24\x7B\x2D\x32\x30\x2D\x4D\x61\x74\x68\x2E\x72\x61"
    "\x6E\x64\x6F\x6D\x28\x29\x2A\x35\x7D\x22\x2F\x3E\x0D\x0A\x09\x09"
    "\x09\x3C\x41\x63\x74\x69\x6F\x6E\x52\x65\x66\x65\x72\x65\x6E\x63"
    "\x65\x20\x4E\x61\x6D\x65\x3D\x22\x42\x6F\x75\x6E\x63\x69\x6E\x67"
    "\x22\x20\x2F\x3E\x0D\x0A\x09\x09\x3C\x2F\x41\x63\x74\x69\x6F\x6E"
    "\x3E\x0D\x0A\x0D\x0A\x09\x09\x3C\x41\x63\x74\x69\x6F\x6E\x20\x4E"
    "\x61\x6D\x65\x3D\x22\x48\x6F\x6C\x64\x4F\x6E\x74\x6F\x49\x45\x57"
    "\x61\x6C\x6C\x22\x20\x54\x79\x70\x65\x3D\x22\x53\x65\x71\x75\x65"
    "\x6E\x63\x65\x22\x20\x4C\x6F\x6F\x70\x3D\x22\x66\x61\x6C\x73\x65"
    "\x22\x3E\x0D\x0A\x09\x09\x09\x3C\x41\x63\x74\x69\x6F\x6E\x52\x65"
    "\x66\x65\x72\x65\x6E\x63\x65\x20\x4E\x61\x6D\x65\x3D\x22\x43\x6C"
    "\x69\x6D\x62\x57\x61\x6C\x6C\x22\x20\x54\x61\x72\x67\x65\x74\x59"
    "\x3D\x22\x24\x7B\x6D\x61\x73\x63\x6F\x74\x2E\x65\x6E\x76\x69\x72"
    "\x6F\x6E\x6D\x65\x6E\x74\x2E\x61\x63\x74\x69\x76\x65\x49\x45\x2E"
    "\x74\x6F\x70\x2B\x36\x34\x20\x2B\x20\x4D\x61\x74\x68\x2E\x72\x61"
    "\x6E\x64\x6F\x6D\x28\x29\x2A\x28\x6D\x61\x73\x63\x6F\x74\x2E\x65"
    "\x6E\x76\x69\x72\x6F\x6E\x6D\x65\x6E\x74\x2E\x61\x63\x74\x69\x76"
    "\x65\x49\x45\x2E\x68\x65\x69\x67\x68\x74\x2D\x31\x32\x38\x29\x7D"
    "\x22\x20\x2F\x3E\x0D\x0A\x09\x09\x3C\x2F\x41\x63\x74\x69\x6F\x6E"
    "\x3E\x0D\x0A\x0D\x0A\x09\x09\x3C\x41\x63\x74\x69\x6F\x6E\x20\x4E"
    "\x61\x6D\x65\x3D\x22\x43\x6C\x69\x6D\x62\x49\x45\x57\x61\x6C\x6C"
    "\x22\x20\x54\x79\x70\x65\x3D\x22\x53\x65\x71\x75\x65\x6E\x63\x65"
    "\x22\x20\x4C\x6F\x6F\x70\x3D\x22\x66\x61\x6C\x73\x65\x22\x3E\x0D"
    "\x0A\x09\x09\x09\x3C\x41\x63\x74\x69\x6F\x6E\x52\x65\x66\x65\x72"
    "\x65\x6E\x63\x65\x20\x4E\x61\x6D\x65\x3D\x22\x43\x6C\x69\x6D\x62"
    "\x57\x61\x6C\x6C\x22\x20\x54\x61\x72\x67\x65\x74\x59\x3D\x22\x23"
    "\x7B\x6D\x61\x73\x63\x6F\x74\x2E\x65\x6E\x76\x69\x72\x6F\x6E\x6D"
    "\x65\x6E\x74\x2E\x61\x63\x74\x69\x76\x65\x49\x45\x2E\x74\x6F\x70"
    "\x2B\x36\x34\x7D\x22\x20\x2F\x3E\x0D\x0A\x09\x09\x09\x3C\x41\x63"
    "\x74\x69\x6F\x6E\x52\x65\x66\x65\x72\x65\x6E\x63\x65\x20\x4E\x61"
    "\x6D\x65\x3D\x22\x4F\x66\x66\x73\x65\x74\x22\x20\x59\x3D\x22\x2D"
    "\x36\x34\x22\x20\x2F\x3E\x0D\x0A\x09\x09\x09\x3C\x41\x63\x74\x69"
    "\x6F\x6E\x52\x65\x66\x65\x72\x65\x6E\x63\x65\x20\x4E\x61\x6D\x65"
    "\x3D\x22\x53\x69\x74\x22\x20\x44\x75\x72\x61\x74\x69\x6F\x6E\x3D"
    "\x22\x35\x22\x20\x2F\x3E\x0D\x0A\x09\x09\x09\x3C\x41\x63\x74\x69"
    "\x6F\x6E\x52\x65\x66\x65\x72\x65\x6E\x63\x65\x20\x4E\x61\x6D\x65"
    "\x3D\x22\x53\x74\x61\x6E\x64\x22\x20\x44\x75\x72\x61\x74\x69\x6F"
    "\x6E\x3D\x22\x24\x7B\x31\x30\x2B\x4D\x61\x74\x68\x2E\x72\x61\x6E"
    "\x64\x6F\x6D\x28\x29\x2A\x31\x30\x7D\x22\x20\x2F\x3E\x0D\x0A\x09"
    "\x09\x09\x3C\x41\x63\x74\x69\x6F\x6E\x52\x65\x66\x65\x72\x65\x6E"
    "\x63\x65\x20\x4E\x61\x6D\x65\x3D\x22\x57\x61\x6C\x6B\x22\x20\x54"
    "\x61\x72\x67\x65\x74\x58\x3D\x22\x24\x7B\x6D\x61\x73\x63\x6F\x74"
    "\x2E\x6C\x6F\x6F\x6B\x52\x69\x67\x68\x74\x20\x3F\x20\x6D\x61\x73"
    "\x63\x6F\x74\x2E\x65\x6E\x76\x69\x72\x6F\x6E\x6D\x65\x6E\x74\x2E"
    "\x61\x63\x74\x69\x76\x65\x49\x45\x2E\x6C\x65\x66\x74\x2B\x4D\x61"
    "\x74\x68\x2E\x72\x61\x6E\x64\x6F\x6D\x28\x29\x2A\x31\x30\x30\x20"
    "\x3A\x20\x6D\x61\x73\x63\x6F\x74\x2E\x65\x6E\x76\x69\x72\x6F\x6E"
    "\x6D\x65\x6E\x74\x2E\x61\x63\x74\x69\x76\x65\x49\x45\x2E\x72\x69"
    "\x67\x68\x74\x2D\x4D\x61\x74\x68\x2E\x72\x61\x6E\x64\x6F\x6D\x2A"
    "\x31\x30\x30\x7D\x22\x20\x2F\x3E\x0D\x0A\x09\x09\x3C\x2F\x41\x63"
    "\x74\x69\x6F\x6E\x3E\x0D\x0A\x0D\x0A\x09\x09\x3C\x41\x63\x74\x69"
    "\x6F\x6E\x20\x4E\x61\x6D\x65\x3D\x22\x43\x6C\x69\x6D\x62\x49\x45"
    "\x42\x6F\x74\x74\x6F\x6D\x22\x20\x54\x79\x70\x65\x3D\x22\x53\x65"
    "\x71\x75\x65\x6E\x63\x65\x22\x20\x4C\x6F\x6F\x70\x3D\x22\x66\x61"
    "\x6C\x73\x65\x22\x3E\x0D\x0A\x09\x09\x09\x3C\x41\x63\x74\x69\x6F"
    "\x6E\x52\x65\x66\x65\x72\x65\x6E\x63\x65\x20\x4E\x61\x6D\x65\x3D"
    "\x22\x43\x6C\x69\x6D\x62\x43\x65\x69\x6C\x69\x6E\x67\x22\x20\x54"
    "\x61\x72\x67\x65\x74\x58\x3D\x22\x24\x7B\x6D\x61\x73\x63\x6F\x74"
    "\x2E\x65\x6E\x76\x69\x72\x6F\x6E\x6D\x65\x6E\x74\x2E\x61\x63\x74"
    "\x69\x76\x65\x49\x45\x2E\x6C\x65\x66\x74\x2B\x36\x34\x2B\x28\x4D"
    "\x61\x74\x68\x2E\x72\x61\x6E\x64\x6F\x6D\x28\x29\x2A\x6D\x61\x73"
    "\x63\x6F\x74\x2E\x65\x6E\x76\x69\x72\x6F\x6E\x6D\x65\x6E\x74\x2E"
    "\x61\x63\x74\x69\x76\x65\x49\x45\x2E\x77\x69\x64\x74\x68\x2D\x31"
    "\x32\x38\x29\x7D\x22\x20\x2F\x3E\x0D\x0A\x09\x09\x3C\x2F\x41\x63"
    "\x74\x69\x6F\x6E\x3E\x0D\x0A\x0D\x0A\x09\x09\x3C\x41\x63\x74\x69"
    "\x6F\x6E\x20\x4E\x61\x6D\x65\x3D\x22\x47\x72\x61\x62\x49\x45\x42"
    "\x6F\x74\x74\x6F\x6D\x4C\x65\x66\x74\x57\x61\x6C\x6C\x22\x20\x54"
    "\x79\x70\x65\x3D\x22\x53\x65\x71\x75\x65\x6E\x63\x65\x22\x20\x4C"
    "\x6F\x6F\x70\x3D\x22\x66\x61\x6C\x73\x65\x22\x3E\x0D\x0A\x09\x09"
    "\x09\x3C\x41\x63\x74\x69\x6F\x6E\x52\x65\x66\x65\x72\x65\x6E\x63"
    "\x65\x20\x4E\x61\x6D\x65\x3D\x22\x43\x6C\x69\x6D\x62\x43\x65\x69"
    "\x6C\x69\x6E\x67\x22\x20\x54\x61\x72\x67\x65\x74\x58\x3D\x22\x23"
    "\x7B\x6D\x61\x73\x63\x6F\x74\x2E\x65\x6E\x76\x69\x72\x6F\x6E\x6D"
    "\x65\x6E\x74\x2E\x61\x63\x74\x69\x76\x65\x49\x45\x2E\x6C\x65\x66"
    "\x74\x7D\x22\x20\x2F\x3E\x0D\x0A\x09\x09\x09\x3C\x41\x63\x74\x69"
    "\x6F\x6E\x52\x65\x66\x65\x72\x65\x6E\x63\x65\x20\x4E\x61\x6D\x65"
    "\x3D\x22\x4C\x6F\x6F\x6B\x22\x20\x2F\x3E\x0D\x0A\x09\x09\x09\x3C"
    "\x41\x63\x74\x69\x6F\x6E\x52\x65\x66\x65\x72\x65\x6E\x63\x65\x20"
    "\x4E\x61\x6D\x65\x3D\x22\x43\x6C\x69\x6D\x62\x57\x61\x6C\x6C\x22"
    "\x20\x54\x61\x72\x67\x65\x74\x59\x3D\x22\x23\x7B\x6D\x61\x73\x63"
    "\x6F\x74\x2E\x65\x6E\x76\x69\x72\x6F\x6E\x6D\x65\x6E\x74\x2E\x61"
    "\x63\x74\x69\x76\x65\x49\x45\x2E\x62\x6F\x74\x74\x6F\x6D\x2D\x36"
    "\x34\x7D\x22\x20\x2F\x3E\x0D\x0A\x09\x09\x3C\x2F\x41\x63\x74\x69"
    "\x6F\x6E\x3E\x0D\x0A\x0D\x0A\x09\x09\x3C\x41\x63\x74\x69\x6F\x6E"
    "\x20\x4E\x61\x6D\x65\x3D\x22\x47\x72\x61\x62\x49\x45\x42\x6F\x74"
    "\x74\x6F\x6D\x52\x69\x67\x68\x74\x57\x61\x6C\x6C\x22\x20\x54\x79"
    "\x70\x65\x3D\x22\x53\x65\x71\x75\x65\x6E\x63\x65\x22\x20\x4C\x6F"
    "\x6F\x70\x3D\x22\x66\x61\x6C\x73\x65\x22\x3E\x0D\x0A\x09\x09\x09"
    "\x3C\x41\x63\x74\x69\x6F\x6E\x52\x65\x66\x65\x72\x65\x6E\x63\x65"
    "\x20\x4E\x61\x6D\x65\x3D\x22\x43\x6C\x69\x6D\x62\x43\x65\x69\x6C"
    "\x69\x6E\x67\x22\x20\x54\x61\x72\x67\x65\x74\x58\x3D\x22\x23\x7B"
    "\x6D\x61\x73\x63\x6F\x74\x2E\x65\x6E\x76\x69\x72\x6F\x6E\x6D\x65"
    "\x6E\x74\x2E\x61\x63\x74\x69\x76\x65\x49\x45\x2E\x72\x69\x67\x68"
    "\x74\x7D\x22\x20\x2F\x3E\x0D\x0A\x09\x09\x09\x3C\x41\x63\x74\x69"
    "\x6F\x6E\x52\x65\x66\x65\x72\x65\x6E\x63\x65\x20\x4E\x61\x6D\x65"
    "\x3D\x22\x4C\x6F\x6F\x6B\x22\x20\x2F\x3E\x0D\x0A\x09\x09\x09\x3C"
    "\x41\x63\x74\x69\x6F\x6E\x52\x65\x66\x65\x72\x65\x6E\x63\x65\x20"
    "\x4E\x61\x6D\x65\x3D\x22\x43\x6C\x69\x6D\x62\x57\x61\x6C\x6C\x22"
    "\x20\x54\x61\x72\x67\x65\x74\x59\x3D\x22\x23\x7B\x6D\x61\x73\x63"
    "\x6F\x74\x2E\x65\x6E\x76\x69\x72\x6F\x6E\x6D\x65\x6E\x74\x2E\x61"
    "\x63\x74\x69\x76\x65\x49\x45\x2E\x62\x6F\x74\x74\x6F\x6D\x2D\x36"
    "\x34\x7D\x22\x20\x2F\x3E\x0D\x0A\x09\x09\x3C\x2F\x41\x63\x74\x69"
    "\x6F\x6E\x3E\x0D\x0A\x0D\x0A\x09\x09\x3C\x41\x63\x74\x69\x6F\x6E"
    "\x20\x4E\x61\x6D\x65\x3D\x22\x4A\x75\x6D\x70\x46\x72\x6F\x6D\x4C"
    "\x65\x66\x74\x57\x61\x6C\x6C\x22\x20\x54\x79\x70\x65\x3D\x22\x53"
    "\x65\x71\x75\x65\x6E\x63\x65\x22\x20\x4C\x6F\x6F\x70\x3D\x22\x66"
    "\x61\x6C\x73\x65\x22\x3E\x0D\x0A\x09\x09\x09\x3C\x41\x63\x74\x69"
    "\x6F\x6E\x52\x65\x66\x65\x72\x65\x6E\x63\x65\x20\x4E\x61\x6D\x65"
    "\x3D\x22\x4A\x75\x6D\x70\x69\x6E\x67\x22\x20\x54\x61\x72\x67\x65"
    "\x74\x58\x3D\x22\x24\x7B\x6D\x61\x73\x63\x6F\x74\x2E\x65\x6E\x76"
    "\x69\x72\x6F\x6E\x6D\x65\x6E\x74\x2E\x77\x6F\x72\x6B\x41\x72\x65"
    "\x61\x2E\x6C\x65\x66\x74\x7D\x22\x20\x54\x61\x72\x67\x65\x74\x59"
    "\x3D\x22\x24\x7B\x6D\x61\x73\x63\x6F\x74\x2E\x65\x6E\x76\x69\x72"
    "\x6F\x6E\x6D\x65\x6E\x74\x2E\x77\x6F\x72\x6B\x41\x72\x65\x61\x2E"
    "\x62\x6F\x74\x74\x6F\x6D\x2D\x4D\x61\x74\x68\x2E\x72\x61\x6E\x64"
    "\x6F\x6D\x28\x29\x2A\x6D\x61\x73\x63\x6F\x74\x2E\x65\x6E\x76\x69"
    "\x72\x6F\x6E\x6D\x65\x6E\x74\x2E\x77\x6F\x72\x6B\x41\x72\x65\x61"
    "\x2E\x68\x65\x69\x67\x68\x74\x2F\x34\x7D\x22\x20\x2F\x3E\x0D\x0A"
    "\x09\x09\x09\x3C\x41\x63\x74\x69\x6F\x6E\x52\x65\x66\x65\x72\x65"
    "\x6E\x63\x65\x20\x4E\x61\x6D\x65\x3D\x22\x47\x72\x61\x62\x57\x61"
    "\x6C\x6C\x22\x20\x44\x75\x72\x61\x74\x69\x6F\x6E\x3D\x22\x24\x7B"
    "\x31\x30\x30\x2B\x4D\x61\x74\x68\x2E\x72\x61\x6E\x64\x6F\x6D\x28"
    "\x29\x2A\x31\x30\x30\x7D\x22\x20\x2F\x3E\x0D\x0A\x09\x09\x3C\x2F"
    "\x41\x63\x74\x69\x6F\x6E\x3E\x0D\x0A\x0D\x0A\x09\x09\x3C\x41\x63"
    "\x74\x69\x6F\x6E\x20\x4E\x61\x6D\x65\x3D\x22\x4A\x75\x6D\x70\x46"
    "\x72\x6F\x6D\x52\x69\x67\x68\x74\x57\x61\x6C\x6C\x22\x20\x54\x79"
    "\x70\x65\x3D\x22\x53\x65\x71\x75\x65\x6E\x63\x65\x22\x20\x4C\x6F"
    "\x6F\x70\x3D\x22\x66\x61\x6C\x73\x65\x22\x3E\x0D\x0A\x09\x09\x09"
    "\x3C\x41\x63\x74\x69\x6F\x6E\x52\x65\x66\x65\x72\x65\x6E\x63\x65"
    "\x20\x4E\x61\x6D\x65\x3D\x22\x4A\x75\x6D\x70\x69\x6E\x67\x22\x20"
    "\x54\x61\x72\x67\x65\x74\x58\x3D\x22\x24\x7B\x6D\x61\x73\x63\x6F"
    "\x74\x2E\x65\x6E\x76\x69\x72\x6F\x6E\x6D\x65\x6E\x74\x2E\x77\x6F"
    "\x72\x6B\x41\x72\x65\x61\x2E\x72\x69\x67\x68\x74\x7D\x22\x20\x54"
    "\x61\x72\x67\x65\x74\x59\x3D\x22\x24\x7B\x6D\x61\x73\x63\x6F\x74"
    "\x2E\x65\x6E\x76\x69\x72\x6F\x6E\x6D\x65\x6E\x74\x2E\x77\x6F\x72"
    "\x6B\x41\x72\x65\x61\x2E\x62\x6F\x74\x74\x6F\x6D\x2D\x4D\x61\x74"
    "\x68\x2E\x72\x61\x6E\x64\x6F\x6D\x28\x29\x2A\x6D\x61\x73\x63\x6F"
    "\x74\x2E\x65\x6E\x76\x69\x72\x6F\x6E\x6D\x65\x6E\x74\x2E\x77\x6F"
    "\x72\x6B\x41\x72\x65\x61\x2E\x68\x65\x69\x67\x68\x74\x2F\x34\x7D"
    "\x22\x20\x2F\x3E\x0D\x0A\x09\x09\x09\x3C\x41\x63\x74\x69\x6F\x6E"
    "\x52\x65\x66\x65\x72\x65\x6E\x63\x65\x20\x4E\x61\x6D\x65\x3D\x22"
    "\x47\x72\x61\x62\x57\x61\x6C\x6C\x22\x20\x44\x75\x72\x61\x74\x69"
    "\x6F\x6E\x3D\x22\x24\x7B\x31\x30\x30\x2B\x4D\x61\x74\x68\x2E\x72"
    "\x61\x6E\x64\x6F\x6D\x28\x29\x2A\x31\x30\x30\x7D\x22\x20\x2F\x3E"
    "\x0D\x0A\x09\x09\x3C\x2F\x41\x63\x74\x69\x6F\x6E\x3E\x0D\x0A\x0D"
    "\x0A\x09\x09\x3C\x41\x63\x74\x69\x6F\x6E\x20\x4E\x61\x6D\x65\x3D"
    "\x22\x4A\x75\x6D\x70\x4F\x6E\x49\x45\x4C\x65\x66\x74\x57\x61\x6C"
    "\x6C\x22\x20\x54\x79\x70\x65\x3D\x22\x53\x65\x71\x75\x65\x6E\x63"
    "\x65\x22\x20\x4C\x6F\x6F\x70\x3D\x22\x66\x61\x6C\x73\x65\x22\x3E"
    "\x0D\x0A\x09\x09\x09\x3C\x41\x63\x74\x69\x6F\x6E\x52\x65\x66\x65"
    "\x72\x65\x6E\x63\x65\x20\x4E\x61\x6D\x65\x3D\x22\x4A\x75\x6D\x70"
    "\x69\x6E\x67\x22\x20\x54\x61\x72\x67\x65\x74\x58\x3D\x22\x24\x7B"
    "\x6D\x61\x73\x63\x6F\x74\x2E\x65\x6E\x76\x69\x72\x6F\x6E\x6D\x65"
    "\x6E\x74\x2E\x61\x63\x74\x69\x76\x65\x49\x45\x2E\x6C\x65\x66\x74"
    "\x7D\x22\x20\x54\x61\x72\x67\x65\x74\x59\x3D\x22\x24\x7B\x6D\x61"
    "\x73\x63\x6F\x74\x2E\x65\x6E\x76\x69\x72\x6F\x6E\x6D\x65\x6E\x74"
    "\x2E\x61\x63\x74\x69\x76\x65\x49\x45\x2E\x62\x6F\x74\x74\x6F\x6D"
    "\x2D\x4D\x61\x74\x68\x2E\x72\x61\x6E\x64\x6F\x6D\x28\x29\x2A\x6D"
    "\x61\x73\x63\x6F\x74\x2E\x65\x6E\x76\x69\x72\x6F\x6E\x6D\x65\x6E"
    "\x74\x2E\x61\x63\x74\x69\x76\x65\x49\x45\x2E\x68\x65\x69\x67\x68"
    "\x74\x2F\x34\x7D\x22\x20\x2F\x3E\x0D\x0A\x09\x09\x09\x3C\x41\x63"
    "\x74\x69\x6F\x6E\x52\x65\x66\x65\x72\x65\x6E\x63\x65\x20\x4E\x61"
    "\x6D\x65\x3D\x22\x47\x72\x61\x62\x57\x61\x6C\x6C\x22\x20\x44\x75"
    "\x72\x61\x74\x69\x6F\x6E\x3D\x22\x24\x7B\x31\x30\x30\x2B\x4D\x61"
    "\x74\x68\x2E\x72\x61\x6E\x64\x6F\x6D\x28\x29\x2A\x31\x30\x30\x7D"
    "\x22\x20\x2F\x3E\x0D\x0A\x09\x09\x3C\x2F\x41\x63\x74\x69\x6F\x6E"
    "\x3E\x0D\x0A\x0D\x0A\x09\x09\x3C\x41\x63\x74\x69\x6F\x6E\x20\x4E"
    "\x61\x6D\x65\x3D\x22\x4A\x75\x6D\x70\x4F\x6E\x49\x45\x52\x69\x67"
    "\x68\x74\x57\x61\x6C\x6C\x22\x20\x54\x79\x70\x65\x3D\x22\x53\x65"
    "\x71\x75\x65\x6E\x63\x65\x22\x20\x4C\x6F\x6F\x70\x3D\x22\x66\x61"
    "\x6C\x73\x65\x22\x3E\x0D\x0A\x09\x09\x09\x3C\x41\x63\x74\x69\x6F"
    "\x6E\x52\x65\x66\x65\x72\x65\x6E\x63\x65\x20\x4E\x61\x6D\x65\x3D"
    "\x22\x4A\x75\x6D\x70\x69\x6E\x67\x22\x20\x54\x61\x72\x67\x65\x74"
    "\x58\x3D\x22\x24\x7B\x6D\x61\x73\x63\x6F\x74\x2E\x65\x6E\x76\x69"
    "\x72\x6F\x6E\x6D\x65\x6E\x74\x2E\x61\x63\x74\x69\x76\x65\x49\x45"
    "\x2E\x72\x69\x67\x68\x74\x7D\x22\x20\x54\x61\x72\x67\x65\x74\x59"
    "\x3D\x22\x24\x7B\x6D\x61\x73\x63\x6F\x74\x2E\x65\x6E\x76\x69\x72"
    "\x6F\x6E\x6D\x65\x6E\x74\x2E\x61\x63\x74\x69\x76\x65\x49\x45\x2E"
    "\x62\x6F\x74\x74\x6F\x6D\x2D\x4D\x61\x74\x68\x2E\x72\x61\x6E\x64"
    "\x6F\x6D\x28\x29\x2A\x6D\x61\x73\x63\x6F\x74\x2E\x65\x6E\x76\x69"
    "\x72\x6F\x6E\x6D\x65\x6E\x74\x2E\x61\x63\x74\x69\x76\x65\x49\x45"
    "\x2E\x68\x65\x69\x67\x68\x74\x2F\x34\x7D\x22\x20\x2F\x3E\x0D\x0A"
    "\x09\x09\x09\x3C\x41\x63\x74\x69\x6F\x6E\x52\x65\x66\x65\x72\x65"
    "\x6E\x63\x65\x20\x4E\x61\x6D\x65\x3D\x22\x47\x72\x61\x62\x57\x61"
    "\x6C\x6C\x22\x20\x44\x75\x72\x61\x74\x69\x6F\x6E\x3D\x22\x24\x7B"
    "\x31\x30\x30\x2B\x4D\x61\x74\x68\x2E\x72\x61\x6E\x64\x6F\x6D\x28"
    "\x29\x2A\x31\x30\x30\x7D\x22\x20\x2F\x3E\x0D\x0A\x09\x09\x3C\x2F"
    "\x41\x63\x74\x69\x6F\x6E\x3E\x0D\x0A\x0D\x0A\x09\x09\x3C\x41\x63"
    "\x74\x69\x6F\x6E\x20\x4E\x61\x6D\x65\x3D\x22\x54\x68\x72\x6F\x77"
    "\x49\x45\x46\x72\x6F\x6D\x4C\x65\x66\x74\x22\x20\x54\x79\x70\x65"
    "\x3D\x22\x53\x65\x71\x75\x65\x6E\x63\x65\x22\x20\x4C\x6F\x6F\x70"
    "\x3D\x22\x66\x61\x6C\x73\x65\x22\x3E\x0D\x0A\x09\x09\x09\x3C\x41"
    "\x63\x74\x69\x6F\x6E\x52\x65\x66\x65\x72\x65\x6E\x63\x65\x20\x4E"
    "\x61\x6D\x65\x3D\x22\x4A\x75\x6D\x70\x69\x6E\x67\x22\x20\x54\x61"
    "\x72\x67\x65\x74\x58\x3D\x22\x24\x7B\x6D\x61\x73\x63\x6F\x74\x2E"
    "\x65\x6E\x76\x69\x72\x6F\x6E\x6D\x65\x6E\x74\x2E\x61\x63\x74\x69"
    "\x76\x65\x49\x45\x2E\x6C\x65\x66\x74\x7D\x22\x20\x54\x61\x72\x67"
    "\x65\x74\x59\x3D\x22\x24\x7B\x6D\x61\x73\x63\x6F\x74\x2E\x65\x6E"
    "\x76\x69\x72\x6F\x6E\x6D\x65\x6E\x74\x2E\x61\x63\x74\x69\x76\x65"
    "\x49\x45\x2E\x62\x6F\x74\x74\x6F\x6D\x2B\x36\x34\x7D\x22\x20\x2F"
    "\x3E\x0D\x0A\x09\x09\x09\x3C\x41\x63\x74\x69\x6F\x6E\x52\x65\x66"
    "\x65\x72\x65\x6E\x63\x65\x20\x4E\x61\x6D\x65\x3D\x22\x46\x61\x6C"
    "\x6C\x57\x69\x74\x68\x49\x65\x22\x20\x2F\x3E\x0D\x0A\x09\x09\x09"
    "\x3C\x41\x63\x74\x69\x6F\x6E\x52\x65\x66\x65\x72\x65\x6E\x63\x65"
    "\x20\x4E\x61\x6D\x65\x3D\x22\x57\x61\x6C\x6B\x57\x69\x74\x68\x49"
    "\x65\x22\x20\x54\x61\x72\x67\x65\x74\x58\x3D\x22\x23\x7B\x6D\x61"
    "\x73\x63\x6F\x74\x2E\x65\x6E\x76\x69\x72\x6F\x6E\x6D\x65\x6E\x74"
    "\x2E\x77\x6F\x72\x6B\x41\x72\x65\x61\x2E\x72\x69\x67\x68\x74\x2D"
    "\x34\x30\x30\x7D\x22\x20\x2F\x3E\x0D\x0A\x09\x09\x09\x3C\x41\x63"
    "\x74\x69\x6F\x6E\x52\x65\x66\x65\x72\x65\x6E\x63\x65\x20\x4E\x61"
    "\x6D\x65\x3D\x22\x54\x68\x72\x6F\x77\x49\x65\x22\x20\x2F\x3E\x0D"
    "\x0A\x09\x09\x09\x3C\x41\x63\x74\x69\x6F\x6E\x52\x65\x66\x65\x72"
    "\x65\x6E\x63\x65\x20\x4E\x61\x6D\x65\x3D\x22\x53\x74\x61\x6E\x64"
    "\x22\x20\x44\x75\x72\x61\x74\x69\x6F\x6E\x3D\x22\x24\x7B\x35\x30"
    "\x2B\x4D\x61\x74\x68\x2E\x72\x61\x6E\x64\x6F\x6D\x28\x29\x2A\x35"
    "\x30\x7D\x22\x20\x2F\x3E\x0D\x0A\x09\x09\x09\x3C\x41\x63\x74\x69"
    "\x6F\x6E\x52\x65\x66\x65\x72\x65\x6E\x63\x65\x20\x4E\x61\x6D\x65"
    "\x3D\x22\x4C\x6F\x6F\x6B\x22\x20\x2F\x3E\x0D\x0A\x09\x09\x09\x3C"
    "\x41\x63\x74\x69\x6F\x6E\x52\x65\x66\x65\x72\x65\x6E\x63\x65\x20"
    "\x4E\x61\x6D\x65\x3D\x22\x53\x74\x61\x6E\x64\x22\x20\x44\x75\x72"
    "\x61\x74\x69\x6F\x6E\x3D\x22\x24\x7B\x35\x30\x2B\x4D\x61\x74\x68"
    "\x2E\x72\x61\x6E\x64\x6F\x6D\x28\x29\x2A\x35\x30\x7D\x22\x20\x2F"
    "\x3E\x0D\x0A\x09\x09\x3C\x2F\x41\x63\x74\x69\x6F\x6E\x3E\x0D\x0A"
    "\x09\x09\x3C\x41\x63\x74\x69\x6F\x6E\x20\x4E\x61\x6D\x65\x3D\x22"
    "\x54\x68\x72\x6F\x77\x49\x45\x46\x72\x6F\x6D\x52\x69\x67\x68\x74"
    "\x22\x20\x54\x79\x70\x65\x3D\x22\x53\x65\x71\x75\x65\x6E\x63\x65"
    "\x22\x20\x4C\x6F\x6F\x70\x3D\x22\x66\x61\x6C\x73\x65\x22\x3E\x0D"
    "\x0A\x09\x09\x09\x3C\x41\x63\x74\x69\x6F\x6E\x52\x65\x66\x65\x72"
    "\x65\x6E\x63\x65\x20\x4E\x61\x6D\x65\x3D\x22\x4A\x75\x6D\x70\x69"
    "\x6E\x67\x22\x20\x54\x61\x72\x67\x65\x74\x58\x3D\x22\x24\x7B\x6D"
    "\x61\x73\x63\x6F\x74\x2E\x65\x6E\x76\x69\x72\x6F\x6E\x6D\x65\x6E"
    "\x74\x2E\x61\x63\x74\x69\x76\x65\x49\x45\x2E\x72\x69\x67\x68\x74"
    "\x7D\x22\x20\x54\x61\x72\x67\x65\x74\x59\x3D\x22\x24\x7B\x6D\x61"
    "\x73\x63\x6F\x74\x2E\x65\x6E\x76\x69\x72\x6F\x6E\x6D\x65\x6E\x74"
    "\x2E\x61\x63\x74\x69\x76\x65\x49\x45\x2E\x62\x6F\x74\x74\x6F\x6D"
    "\x2B\x36\x34\x7D\x22\x20\x2F\x3E\x0D\x0A\x09\x09\x09\x3C\x41\x63"
    "\x74\x69\x6F\x6E\x52\x65\x66\x65\x72\x65\x6E\x63\x65\x20\x4E\x61"
    "\x6D\x65\x3D\x22\x46\x61\x6C\x6C\x57\x69\x74\x68\x49\x65\x22\x20"
    "\x2F\x3E\x0D\x0A\x09\x09\x09\x3C\x41\x63\x74\x69\x6F\x6E\x52\x65"
    "\x66\x65\x72\x65\x6E\x63\x65\x20\x4E\x61\x6D\x65\x3D\x22\x57\x61"
    "\x6C\x6B\x57\x69\x74\x68\x49\x65\x22\x20\x54\x61\x72\x67\x65\x74"
    "\x58\x3D\x22\x23\x7B\x6D\x61\x73\x63\x6F\x74\x2E\x65\x6E\x76\x69"
    "\x72\x6F\x6E\x6D\x65\x6E\x74\x2E\x77\x6F\x72\x6B\x41\x72\x65\x61"
    "\x2E\x6C\x65\x66\x74\x2B\x34\x30\x30\x7D\x22\x20\x2F\x3E\x0D\x0A"
    "\x09\x09\x09\x3C\x41\x63\x74\x69\x6F\x6E\x52\x65\x66\x65\x72\x65"
    "\x6E\x63\x65\x20\x4E\x61\x6D\x65\x3D\x22\x54\x68\x72\x6F\x77\x49"
    "\x65\x22\x20\x2F\x3E\x0D\x0A\x09\x09\x09\x3C\x41\x63\x74\x69\x6F"
    "\x6E\x52\x65\x66\x65\x72\x65\x6E\x63\x65\x20\x4E\x61\x6D\x65\x3D"
    "\x22\x53\x74\x61\x6E\x64\x22\x20\x44\x75\x72\x61\x74\x69\x6F\x6E"
    "\x3D\x22\x24\x7B\x35\x30\x2B\x4D\x61\x74\x68\x2E\x72\x61\x6E\x64"
    "\x6F\x6D\x28\x29\x2A\x35\x30\x7D\x22\x20\x2F\x3E\x0D\x0A\x09\x09"
    "\x09\x3C\x41\x63\x74\x69\x6F\x6E\x52\x65\x66\x65\x72\x65\x6E\x63"
    "\x65\x20\x4E\x61\x6D\x65\x3D\x22\x4C\x6F\x6F\x6B\x22\x20\x2F\x3E"
    "\x0D\x0A\x09\x09\x09\x3C\x41\x63\x74\x69\x6F\x6E\x52\x65\x66\x65"
    "\x72\x65\x6E\x63\x65\x20\x4E\x61\x6D\x65\x3D\x22\x53\x74\x61\x6E"
    "\x64\x22\x20\x44\x75\x72\x61\x74\x69\x6F\x6E\x3D\x22\x24\x7B\x35"
    "\x30\x2B\x4D\x61\x74\x68\x2E\x72\x61\x6E\x64\x6F\x6D\x28\x29\x2A"
    "\x35\x30\x7D\x22\x20\x2F\x3E\x0D\x0A\x09\x09\x3C\x2F\x41\x63\x74"
    "\x69\x6F\x6E\x3E\x0D\x0A\x09\x09\x3C\x41\x63\x74\x69\x6F\x6E\x20"
    "\x4E\x61\x6D\x65\x3D\x22\x57\x61\x6C\x6B\x41\x6E\x64\x54\x68\x72"
    "\x6F\x77\x49\x45\x46\x72\x6F\x6D\x52\x69\x67\x68\x74\x22\x20\x54"
    "\x79\x70\x65\x3D\x22\x53\x65\x71\x75\x65\x6E\x63\x65\x22\x20\x4C"
    "\x6F\x6F\x70\x3D\x22\x66\x61\x6C\x73\x65\x22\x3E\x0D\x0A\x09\x09"
    "\x09\x3C\x41\x63\x74\x69\x6F\x6E\x52\x65\x66\x65\x72\x65\x6E\x63"
    "\x65\x20\x4E\x61\x6D\x65\x3D\x22\x4A\x75\x6D\x70\x69\x6E\x67\x22"
    "\x20\x54\x61\x72\x67\x65\x74\x58\x3D\x22\x24\x7B\x6D\x61\x73\x63"
    "\x6F\x74\x2E\x65\x6E\x76\x69\x72\x6F\x6E\x6D\x65\x6E\x74\x2E\x61"
    "\x63\x74\x69\x76\x65\x49\x45\x2E\x6C\x65\x66\x74\x7D\x22\x20\x54"
    "\x61\x72\x67\x65\x74\x59\x3D\x22\x24\x7B\x6D\x61\x73\x63\x6F\x74"
    "\x2E\x65\x6E\x76\x69\x72\x6F\x6E\x6D\x65\x6E\x74\x2E\x61\x63\x74"
    "\x69\x76\x65\x49\x45\x2E\x62\x6F\x74\x74\x6F\x6D\x2B\x36\x34\x7D"
    "\x22\x20\x2F\x3E\x0D\x0A\x09\x09\x09\x3C\x41\x63\x74\x69\x6F\x6E"
    "\x52\x65\x66\x65\x72\x65\x6E\x63\x65\x20\x4E\x61\x6D\x65\x3D\x22"
    "\x46\x61\x6C\x6C\x57\x69\x74\x68\x49\x65\x22\x20\x2F\x3E\x0D\x0A"
    "\x09\x09\x09\x3C\x41\x63\x74\x69\x6F\x6E\x52\x65\x66\x65\x72\x65"
    "\x6E\x63\x65\x20\x4E\x61\x6D\x65\x3D\x22\x52\x75\x6E\x57\x69\x74"
    "\x68\x49\x65\x22\x20\x54\x61\x72\x67\x65\x74\x58\x3D\x22\x23\x7B"
    "\x6D\x61\x73\x63\x6F\x74\x2E\x65\x6E\x76\x69\x72\x6F\x6E\x6D\x65"
    "\x6E\x74\x2E\x77\x6F\x72\x6B\x41\x72\x65\x61\x2E\x72\x69\x67\x68"
    "\x74\x2D\x34\x30\x30\x7D\x22\x20\x2F\x3E\x0D\x0A\x09\x09\x09\x3C"
    "\x41\x63\x74\x69\x6F\x6E\x52\x65\x66\x65\x72\x65\x6E\x63\x65\x20"
    "\x4E\x61\x6D\x65\x3D\x22\x54\x68\x72\x6F\x77\x49\x65\x22\x20\x2F"
    "\x3E\x0D\x0A\x09\x09\x09\x3C\x41\x63\x74\x69\x6F\x6E\x52\x65\x66"
    "\x65\x72\x65\x6E\x63\x65\x20\x4E\x61\x6D\x65\x3D\x22\x53\x74\x61"
    "\x6E\x64\x22\x20\x44\x75\x72\x61\x74\x69\x6F\x6E\x3D\x22\x24\x7B"
    "\x35\x30\x2B\x4D\x61\x74\x68\x2E\x72\x61\x6E\x64\x6F\x6D\x28\x29"
    "\x2A\x35\x30\x7D\x22\x20\x2F\x3E\x0D\x0A\x09\x09\x09\x3C\x41\x63"
    "\x74\x69\x6F\x6E\x52\x65\x66\x65\x72\x65\x6E\x63\x65\x20\x4E\x61"
    "\x6D\x65\x3D\x22\x4C\x6F\x6F\x6B\x22\x20\x2F\x3E\x0D\x0A\x09\x09"
    "\x09\x3C\x41\x63\x74\x69\x6F\x6E\x52\x65\x66\x65\x72\x65\x6E\x63"
    "\x65\x20\x4E\x61\x6D\x65\x3D\x22\x53\x74\x61\x6E\x64\x22\x20\x44"
    "\x75\x72\x61\x74\x69\x6F\x6E\x3D\x22\x24\x7B\x35\x30\x2B\x4D\x61"
    "\x74\x68\x2E\x72\x61\x6E\x64\x6F\x6D\x28\x29\x2A\x35\x30\x7D\x22"
    "\x20\x2F\x3E\x0D\x0A\x09\x09\x3C\x2F\x41\x63\x74\x69\x6F\x6E\x3E"
    "\x0D\x0A\x09\x09\x3C\x41\x63\x74\x69\x6F\x6E\x20\x4E\x61\x6D\x65"
    "\x3D\x22\x57\x61\x6C\x6B\x41\x6E\x64\x54\x68\x72\x6F\x77\x49\x45"
    "\x46\x72\x6F\x6D\x4C\x65\x66\x74\x22\x20\x54\x79\x70\x65\x3D\x22"
    "\x53\x65\x71\x75\x65\x6E\x63\x65\x22\x20\x4C\x6F\x6F\x70\x3D\x22"
    "\x66\x61\x6C\x73\x65\x22\x3E\x0D\x0A\x09\x09\x09\x3C\x41\x63\x74"
    "\x69\x6F\x6E\x52\x65\x66\x65\x72\x65\x6E\x63\x65\x20\x4E\x61\x6D"
    "\x65\x3D\x22\x4A\x75\x6D\x70\x69\x6E\x67\x22\x20\x54\x61\x72\x67"
    "\x65\x74\x58\x3D\x22\x24\x7B\x6D\x61\x73\x63\x6F\x74\x2E\x65\x6E"
    "\x76\x69\x72\x6F\x6E\x6D\x65\x6E\x74\x2E\x61\x63\x74\x69\x76\x65"
    "\x49\x45\x2E\x72\x69\x67\x68\x74\x7D\x22\x20\x54\x61\x72\x67\x65"
    "\x74\x59\x3D\x22\x24\x7B\x6D\x61\x73\x63\x6F\x74\x2E\x65\x6E\x76"
    "\x69\x72\x6F\x6E\x6D\x65\x6E\x74\x2E\x61\x63\x74\x69\x76\x65\x49"
    "\x45\x2E\x62\x6F\x74\x74\x6F\x6D\x2B\x36\x34\x7D\x22\x20\x2F\x3E"
    "\x0D\x0A\x09\x09\x09\x3C\x41\x63\x74\x69\x6F\x6E\x52\x65\x66\x65"
    "\x72\x65\x6E\x63\x65\x20\x4E\x61\x6D\x65\x3D\x22\x46\x61\x6C\x6C"
    "\x57\x69\x74\x68\x49\x65\x22\x20\x2F\x3E\x0D\x0A\x09\x09\x09\x3C"
    "\x41\x63\x74\x69\x6F\x6E\x52\x65\x66\x65\x72\x65\x6E\x63\x65\x20"
    "\x4E\x61\x6D\x65\x3D\x22\x52\x75\x6E\x57\x69\x74\x68\x49\x65\x22"
    "\x20\x54\x61\x72\x67\x65\x74\x58\x3D\x22\x23\x7B\x6D\x61\x73\x63"
    "\x6F\x74\x2E\x65\x6E\x76\x69\x72\x6F\x6E\x6D\x65\x6E\x74\x2E\x77"
    "\x6F\x72\x6B\x41\x72\x65\x61\x2E\x6C\x65\x66\x74\x2B\x34\x30\x30"
    "\x7D\x22\x20\x2F\x3E\x0D\x0A\x09\x09\x09\x3C\x41\x63\x74\x69\x6F"
    "\x6E\x52\x65\x66\x65\x72\x65\x6E\x63\x65\x20\x4E\x61\x6D\x65\x3D"
    "\x22\x54\x68\x72\x6F\x77\x49\x65\x22\x20\x2F\x3E\x0D\x0A\x09\x09"
    "\x09\x3C\x41\x63\x74\x69\x6F\x6E\x52\x65\x66\x65\x72\x65\x6E\x63"
    "\x65\x20\x4E\x61\x6D\x65\x3D\x22\x53\x74\x61\x6E\x64\x22\x20\x44"
    "\x75\x72\x61\x74\x69\x6F\x6E\x3D\x22\x24\x7B\x35\x30\x2B\x4D\x61"
    "\x74\x68\x2E\x72\x61\x6E\x64\x6F\x6D\x28\x29\x2A\x35\x30\x7D\x22"
    "\x20\x2F\x3E\x0D\x0A\x09\x09\x09\x3C\x41\x63\x74\x69\x6F\x6E\x52"
    "\x65\x66\x65\x72\x65\x6E\x63\x65\x20\x4E\x61\x6D\x65\x3D\x22\x4C"
    "\x6F\x6F\x6B\x22\x20\x2F\x3E\x0D\x0A\x09\x09\x09\x3C\x41\x63\x74"
    "\x69\x6F\x6E\x52\x65\x66\x65\x72\x65\x6E\x63\x65\x20\x4E\x61\x6D"
    "\x65\x3D\x22\x53\x74\x61\x6E\x64\x22\x20\x44\x75\x72\x61\x74\x69"
    "\x6F\x6E\x3D\x22\x24\x7B\x35\x30\x2B\x4D\x61\x74\x68\x2E\x72\x61"
    "\x6E\x64\x6F\x6D\x28\x29\x2A\x35\x30\x7D\x22\x20\x2F\x3E\x0D\x0A"
    "\x09\x09\x3C\x2F\x41\x63\x74\x69\x6F\x6E\x3E\x0D\x0A\x0D\x0A\x09"
    "\x09\x3C\x41\x63\x74\x69\x6F\x6E\x20\x4E\x61\x6D\x65\x3D\x22\x43"
    "\x68\x61\x73\x65\x4D\x6F\x75\x73\x65\x22\x20\x54\x79\x70\x65\x3D"
    "\x22\x53\x65\x71\x75\x65\x6E\x63\x65\x22\x20\x4C\x6F\x6F\x70\x3D"
    "\x22\x66\x61\x6C\x73\x65\x22\x3E\x0D\x0A\x09\x09\x09\x3C\x41\x63"
    "\x74\x69\x6F\x6E\x20\x54\x79\x70\x65\x3D\x22\x53\x65\x71\x75\x65"
    "\x6E\x63\x65\x22\x20\x43\x6F\x6E\x64\x69\x74\x69\x6F\x6E\x3D\x22"
    "\x24\x7B\x6D\x61\x73\x63\x6F\x74\x2E\x65\x6E\x76\x69\x72\x6F\x6E"
    "\x6D\x65\x6E\x74\x2E\x63\x65\x69\x6C\x69\x6E\x67\x2E\x69\x73\x4F"
    "\x6E\x28\x6D\x61\x73\x63\x6F\x74\x2E\x61\x6E\x63\x68\x6F\x72\x29"
    "\x20\x7C\x7C\x20\x6D\x61\x73\x63\x6F\x74\x2E\x65\x6E\x76\x69\x72"
    "\x6F\x6E\x6D\x65\x6E\x74\x2E\x61\x63\x74\x69\x76\x65\x49\x45\x2E"
    "\x62\x6F\x74\x74\x6F\x6D\x42\x6F\x72\x64\x65\x72\x2E\x69\x73\x4F"
    "\x6E\x28\x6D\x61\x73\x63\x6F\x74\x2E\x61\x6E\x63\x68\x6F\x72\x29"
    "\x7D\x22\x3E\x0D\x0A\x09\x09\x09\x09\x3C\x41\x63\x74\x69\x6F\x6E"
    "\x52\x65\x66\x65\x72\x65\x6E\x63\x65\x20\x4E\x61\x6D\x65\x3D\x22"
    "\x4F\x66\x66\x73\x65\x74\x22\x20\x59\x3D\x22\x31\x22\x20\x2F\x3E"
    "\x0D\x0A\x09\x09\x09\x09\x3C\x41\x63\x74\x69\x6F\x6E\x52\x65\x66"
    "\x65\x72\x65\x6E\x63\x65\x20\x4E\x61\x6D\x65\x3D\x22\x46\x61\x6C"
    "\x6C\x69\x6E\x67\x22\x2F\x3E\x0D\x0A\x09\x09\x09\x09\x3C\x41\x63"
    "\x74\x69\x6F\x6E\x52\x65\x66\x65\x72\x65\x6E\x63\x65\x20\x4E\x61"
    "\x6D\x65\x3D\x22\x42\x6F\x75\x6E\x63\x69\x6E\x67\x22\x20\x2F\x3E"
    "\x0D\x0A\x09\x09\x09\x3C\x2F\x41\x63\x74\x69\x6F\x6E\x3E\x0D\x0A"
    "\x09\x09\x09\x3C\x41\x63\x74\x69\x6F\x6E\x20\x54\x79\x70\x65\x3D"
    "\x22\x53\x65\x71\x75\x65\x6E\x63\x65\x22\x20\x43\x6F\x6E\x64\x69"
    "\x74\x69\x6F\x6E\x3D\x22\x24\x7B\x6D\x61\x73\x63\x6F\x74\x2E\x65"
    "\x6E\x76\x69\x72\x6F\x6E\x6D\x65\x6E\x74\x2E\x77\x6F\x72\x6B\x41"
    "\x72\x65\x61\x2E\x6C\x65\x66\x74\x42\x6F\x72\x64\x65\x72\x2E\x69"
    "\x73\x4F\x6E\x28\x6D\x61\x73\x63\x6F\x74\x2E\x61\x6E\x63\x68\x6F"
    "\x72\x29\x20\x7C\x7C\x20\x6D\x61\x73\x63\x6F\x74\x2E\x65\x6E\x76"
    "\x69\x72\x6F\x6E\x6D\x65\x6E\x74\x2E\x61\x63\x74\x69\x76\x65\x49"
    "\x45\x2E\x72\x69\x67\x68\x74\x42\x6F\x72\x64\x65\x72\x2E\x69\x73"
    "\x4F\x6E\x28\x6D\x61\x73\x63\x6F\x74\x2E\x61\x6E\x63\x68\x6F\x72"
    "\x29\x7D\x22\x3E\x0D\x0A\x09\x09\x09\x09\x3C\x41\x63\x74\x69\x6F"
    "\x6E\x52\x65\x66\x65\x72\x65\x6E\x63\x65\x20\x4E\x61\x6D\x65\x3D"
    "\x22\x4F\x66\x66\x73\x65\x74\x22\x20\x58\x3D\x22\x31\x22\x20\x2F"
    "\x3E\x0D\x0A\x09\x09\x09\x09\x3C\x41\x63\x74\x69\x6F\x6E\x52\x65"
    "\x66\x65\x72\x65\x6E\x63\x65\x20\x4E\x61\x6D\x65\x3D\x22\x46\x61"
    "\x6C\x6C\x69\x6E\x67\x22\x2F\x3E\x0D\x0A\x09\x09\x09\x09\x3C\x41"
    "\x63\x74\x69\x6F\x6E\x52\x65\x66\x65\x72\x65\x6E\x63\x65\x20\x4E"
    "\x61\x6D\x65\x3D\x22\x42\x6F\x75\x6E\x63\x69\x6E\x67\x22\x20\x2F"
    "\x3E\x0D\x0A\x09\x09\x09\x3C\x2F\x41\x63\x74\x69\x6F\x6E\x3E\x0D"
    "\x0A\x09\x09\x09\x3C\x41\x63\x74\x69\x6F\x6E\x20\x54\x79\x70\x65"
    "\x3D\x22\x53\x65\x71\x75\x65\x6E\x63\x65\x22\x20\x43\x6F\x6E\x64"
    "\x69\x74\x69\x6F\x6E\x3D\x22\x24\x7B\x6D\x61\x73\x63\x6F\x74\x2E"
    "\x65\x6E\x76\x69\x72\x6F\x6E\x6D\x65\x6E\x74\x2E\x77\x6F\x72\x6B"
    "\x41\x72\x65\x61\x2E\x72\x69\x67\x68\x74\x42\x6F\x72\x64\x65\x72"
    "\x2E\x69\x73\x4F\x6E\x28\x6D\x61\x73\x63\x6F\x74\x2E\x61\x6E\x63"
    "\x68\x6F\x72\x29\x20\x7C\x7C\x20\x6D\x61\x73\x63\x6F\x74\x2E\x65"
    "\x6E\x76\x69\x72\x6F\x6E\x6D\x65\x6E\x74\x2E\x61\x63\x74\x69\x76"
    "\x65\x49\x45\x2E\x6C\x65\x66\x74\x42\x6F\x72\x64\x65\x72\x2E\x69"
    "\x73\x4F\x6E\x28\x6D\x61\x73\x63\x6F\x74\x2E\x61\x6E\x63\x68\x6F"
    "\x72\x29\x7D\x22\x3E\x0D\x0A\x09\x09\x09\x09\x3C\x41\x63\x74\x69"
    "\x6F\x6E\x52\x65\x66\x65\x72\x65\x6E\x63\x65\x20\x4E\x61\x6D\x65"
    "\x3D\x22\x4F\x66\x66\x73\x65\x74\x22\x20\x58\x3D\x22\x2D\x31\x22"
    "\x20\x2F\x3E\x0D\x0A\x09\x09\x09\x09\x3C\x41\x63\x74\x69\x6F\x6E"
    "\x52\x65\x66\x65\x72\x65\x6E\x63\x65\x20\x4E\x61\x6D\x65\x3D\x22"
    "\x46\x61\x6C\x6C\x69\x6E\x67\x22\x2F\x3E\x0D\x0A\x09\x09\x09\x09"
    "\x3C\x41\x63\x74\x69\x6F\x6E\x52\x65\x66\x65\x72\x65\x6E\x63\x65"
    "\x20\x4E\x61\x6D\x65\x3D\x22\x42\x6F\x75\x6E\x63\x69\x6E\x67\x22"
    "\x20\x2F\x3E\x0D\x0A\x09\x09\x09\x3C\x2F\x41\x63\x74\x69\x6F\x6E"
    "\x3E\x0D\x0A\x09\x09\x09\x3C\x41\x63\x74\x69\x6F\x6E\x20\x54\x79"
    "\x70\x65\x3D\x22\x53\x65\x6C\x65\x63\x74\x22\x3E\x0D\x0A\x09\x09"
    "\x09\x09\x3C\x41\x63\x74\x69\x6F\x6E\x52\x65\x66\x65\x72\x65\x6E"
    "\x63\x65\x20\x4E\x61\x6D\x65\x3D\x22\x44\x61\x73\x68\x49\x65\x43"
    "\x65\x69\x6C\x69\x6E\x67\x4C\x65\x66\x74\x45\x64\x67\x65\x46\x72"
    "\x6F\x6D\x4A\x75\x6D\x70\x22\x0D\x0A\x09\x09\x09\x09\x09\x43\x6F"
    "\x6E\x64\x69\x74\x69\x6F\x6E\x3D\x22\x24\x7B\x6D\x61\x73\x63\x6F"
    "\x74\x2E\x65\x6E\x76\x69\x72\x6F\x6E\x6D\x65\x6E\x74\x2E\x61\x63"
    "\x74\x69\x76\x65\x49\x45\x2E\x74\x6F\x70\x42\x6F\x72\x64\x65\x72"
    "\x2E\x69\x73\x4F\x6E\x28\x6D\x61\x73\x63\x6F\x74\x2E\x61\x6E\x63"
    "\x68\x6F\x72\x29\x20\x26\x61\x6D\x70\x3B\x26\x61\x6D\x70\x3B\x0D"
    "\x0A\x09\x09\x09\x09\x09\x6D\x61\x73\x63\x6F\x74\x2E\x61\x6E\x63"
    "\x68\x6F\x72\x2E\x78\x20\x26\x6C\x74\x3B\x20\x28\x6D\x61\x73\x63"
    "\x6F\x74\x2E\x65\x6E\x76\x69\x72\x6F\x6E\x6D\x65\x6E\x74\x2E\x61"
    "\x63\x74\x69\x76\x65\x49\x45\x2E\x6C\x65\x66\x74\x2B\x6D\x61\x73"
    "\x63\x6F\x74\x2E\x65\x6E\x76\x69\x72\x6F\x6E\x6D\x65\x6E\x74\x2E"
    "\x61\x63\x74\x69\x76\x65\x49\x45\x2E\x72\x69\x67\x68\x74\x29\x2F"
    "\x32\x7D\x22\x2F\x3E\x0D\x0A\x09\x09\x09\x09\x3C\x41\x63\x74\x69"
    "\x6F\x6E\x52\x65\x66\x65\x72\x65\x6E\x63\x65\x20\x4E\x61\x6D\x65"
    "\x3D\x22\x44\x61\x73\x68\x49\x65\x43\x65\x69\x6C\x69\x6E\x67\x52"
    "\x69\x67\x68\x74\x45\x64\x67\x65\x46\x72\x6F\x6D\x4A\x75\x6D\x70"
    "\x22\x0D\x0A\x09\x09\x09\x09\x09\x43\x6F\x6E\x64\x69\x74\x69\x6F"
    "\x6E\x3D\x22\x24\x7B\x6D\x61\x73\x63\x6F\x74\x2E\x65\x6E\x76\x69"
    "\x72\x6F\x6E\x6D\x65\x6E\x74\x2E\x61\x63\x74\x69\x76\x65\x49\x45"
    "\x2E\x74\x6F\x70\x42\x6F\x72\x64\x65\x72\x2E\x69\x73\x4F\x6E\x28"
    "\x6D\x61\x73\x63\x6F\x74\x2E\x61\x6E\x63\x68\x6F\x72\x29\x20\x26"
    "\x61\x6D\x70\x3B\x26\x61\x6D\x70\x3B\x0D\x0A\x09\x09\x09\x09\x09"
    "\x6D\x61\x73\x63\x6F\x74\x2E\x61\x6E\x63\x68\x6F\x72\x2E\x78\x20"
    "\x26\x67\x74\x3B\x3D\x20\x28\x6D\x61\x73\x63\x6F\x74\x2E\x65\x6E"
    "\x76\x69\x72\x6F\x6E\x6D\x65\x6E\x74\x2E\x61\x63\x74\x69\x76\x65"
    "\x49\x45\x2E\x6C\x65\x66\x74\x2B\x6D\x61\x73\x63\x6F\x74\x2E\x65"
    "\x6E\x76\x69\x72\x6F\x6E\x6D\x65\x6E\x74\x2E\x61\x63\x74\x69\x76"
    "\x65\x49\x45\x2E\x72\x69\x67\x68\x74\x29\x2F\x32\x7D\x22\x20\x2F"
    "\x3E\x0D\x0A\x09\x09\x09\x3C\x2F\x41\x63\x74\x69\x6F\x6E\x3E\x0D"
    "\x0A\x09\x09\x09\x3C\x41\x63\x74\x69\x6F\x6E\x52\x65\x66\x65\x72"
    "\x65\x6E\x63\x65\x20\x4E\x61\x6D\x65\x3D\x22\x44\x61\x73\x68\x22"
    "\x20\x54\x61\x72\x67\x65\x74\x58\x3D\x22\x24\x7B\x20\x6D\x61\x73"
    "\x63\x6F\x74\x2E\x61\x6E\x63\x68\x6F\x72\x2E\x78\x2B\x28\x6D\x61"
    "\x73\x63\x6F\x74\x2E\x65\x6E\x76\x69\x72\x6F\x6E\x6D\x65\x6E\x74"
    "\x2E\x63\x75\x72\x73\x6F\x72\x2E\x78\x2D\x6D\x61\x73\x63\x6F\x74"
    "\x2E\x61\x6E\x63\x68\x6F\x72\x2E\x78\x29\x2A\x4D\x61\x74\x68\x2E"
    "\x72\x61\x6E\x64\x6F\x6D\x28\x29\x2F\x32\x20\x7D\x22\x20\x2F\x3E"
    "\x0D\x0A\x09\x09\x09\x3C\x41\x63\x74\x69\x6F\x6E\x52\x65\x66\x65"
    "\x72\x65\x6E\x63\x65\x20\x4E\x61\x6D\x65\x3D\x22\x54\x72\x69\x70"
    "\x70\x69\x6E\x67\x22\x20\x43\x6F\x6E\x64\x69\x74\x69\x6F\x6E\x3D"
    "\x22\x24\x7B\x4D\x61\x74\x68\x2E\x72\x61\x6E\x64\x6F\x6D\x28\x29"
    "\x20\x26\x6C\x74\x3B\x20\x30\x2E\x30\x35\x7D\x22\x20\x2F\x3E\x0D"
    "\x0A\x09\x09\x09\x3C\x41\x63\x74\x69\x6F\x6E\x52\x65\x66\x65\x72"
    "\x65\x6E\x63\x65\x20\x4E\x61\x6D\x65\x3D\x22\x44\x61\x73\x68\x22"
    "\x20\x54\x61\x72\x67\x65\x74\x58\x3D\x22\x24\x7B\x20\x6D\x61\x73"
    "\x63\x6F\x74\x2E\x61\x6E\x63\x68\x6F\x72\x2E\x78\x2B\x28\x6D\x61"
    "\x73\x63\x6F\x74\x2E\x65\x6E\x76\x69\x72\x6F\x6E\x6D\x65\x6E\x74"
    "\x2E\x63\x75\x72\x73\x6F\x72\x2E\x78\x2D\x6D\x61\x73\x63\x6F\x74"
    "\x2E\x61\x6E\x63\x68\x6F\x72\x2E\x78\x29\x2A\x4D\x61\x74\x68\x2E"
    "\x72\x61\x6E\x64\x6F\x6D\x28\x29\x20\x7D\x22\x20\x2F\x3E\x0D\x0A"
    "\x09\x09\x09\x3C\x41\x63\x74\x69\x6F\x6E\x52\x65\x66\x65\x72\x65"
    "\x6E\x63\x65\x20\x4E\x61\x6D\x65\x3D\x22\x54\x72\x69\x70\x70\x69"
    "\x6E\x67\x22\x20\x43\x6F\x6E\x64\x69\x74\x69\x6F\x6E\x3D\x22\x24"
    "\x7B\x4D\x61\x74\x68\x2E\x72\x61\x6E\x64\x6F\x6D\x28\x29\x20\x26"
    "\x6C\x74\x3B\x20\x30\x2E\x30\x35\x7D\x22\x20\x2F\x3E\x0D\x0A\x09"
    "\x09\x09\x3C\x41\x63\x74\x69\x6F\x6E\x52\x65\x66\x65\x72\x65\x6E"
    "\x63\x65\x20\x4E\x61\x6D\x65\x3D\x22\x44\x61\x73\x68\x22\x20\x54"
    "\x61\x72\x67\x65\x74\x58\x3D\x22\x23\x7B\x6D\x61\x73\x63\x6F\x74"
    "\x2E\x65\x6E\x76\x69\x72\x6F\x6E\x6D\x65\x6E\x74\x2E\x63\x75\x72"
    "\x73\x6F\x72\x2E\x78\x2B\x47\x61\x70\x7D\x22\x0D\x0A\x09\x09\x09"
    "\x09\x47\x61\x70\x3D\x22\x24\x7B\x20\x6D\x61\x73\x63\x6F\x74\x2E"
    "\x61\x6E\x63\x68\x6F\x72\x2E\x78\x20\x26\x6C\x74\x3B\x20\x6D\x61"
    "\x73\x63\x6F\x74\x2E\x65\x6E\x76\x69\x72\x6F\x6E\x6D\x65\x6E\x74"
    "\x2E\x63\x75\x72\x73\x6F\x72\x2E\x78\x20\x3F\x0D\x0A\x09\x09\x09"
    "\x09\x09\x2D\x4D\x61\x74\x68\x2E\x6D\x69\x6E\x28\x20\x6D\x61\x73"
    "\x63\x6F\x74\x2E\x65\x6E\x76\x69\x72\x6F\x6E\x6D\x65\x6E\x74\x2E"
    "\x63\x75\x72\x73\x6F\x72\x2E\x78\x2D\x6D\x61\x73\x63\x6F\x74\x2E"
    "\x61\x6E\x63\x68\x6F\x72\x2E\x78\x2C\x20\x4D\x61\x74\x68\x2E\x72"
    "\x61\x6E\x64\x6F\x6D\x28\x29\x2A\x32\x30\x30\x29\x20\x3A\x0D\x0A"
    "\x09\x09\x09\x09\x09\x4D\x61\x74\x68\x2E\x6D\x69\x6E\x28\x20\x6D"
    "\x61\x73\x63\x6F\x74\x2E\x61\x6E\x63\x68\x6F\x72\x2E\x78\x2D\x6D"
    "\x61\x73\x63\x6F\x74\x2E\x65\x6E\x76\x69\x72\x6F\x6E\x6D\x65\x6E"
    "\x74\x2E\x63\x75\x72\x73\x6F\x72\x2E\x78\x2C\x20\x4D\x61\x74\x68"
    "\x2E\x72\x61\x6E\x64\x6F\x6D\x28\x29\x2A\x32\x30\x30\x20\x29\x20"
    "\x7D\x22\x20\x2F\x3E\x0D\x0A\x09\x09\x09\x3C\x41\x63\x74\x69\x6F"
    "\x6E\x52\x65\x66\x65\x72\x65\x6E\x63\x65\x20\x4E\x61\x6D\x65\x3D"
    "\x22\x4C\x6F\x6F\x6B\x22\x20\x4C\x6F\x6F\x6B\x52\x69\x67\x68\x74"
    "\x3D\x22\x24\x7B\x6D\x61\x73\x63\x6F\x74\x2E\x61\x6E\x63\x68\x6F"
    "\x72\x2E\x78\x20\x26\x6C\x74\x3B\x20\x6D\x61\x73\x63\x6F\x74\x2E"
    "\x65\x6E\x76\x69\x72\x6F\x6E\x6D\x65\x6E\x74\x2E\x63\x75\x72\x73"
    "\x6F\x72\x2E\x78\x7D\x22\x20\x2F\x3E\x0D\x0A\x09\x09\x3C\x2F\x41"
    "\x63\x74\x69\x6F\x6E\x3E\x0D\x0A\x0D\x0A\x09\x09\x3C\x41\x63\x74"
    "\x69\x6F\x6E\x20\x4E\x61\x6D\x65\x3D\x22\x53\x69\x74\x41\x6E\x64"
    "\x46\x61\x63\x65\x4D\x6F\x75\x73\x65\x22\x20\x54\x79\x70\x65\x3D"
    "\x22\x53\x65\x71\x75\x65\x6E\x63\x65\x22\x20\x4C\x6F\x6F\x70\x3D"
    "\x22\x66\x61\x6C\x73\x65\x22\x3E\x0D\x0A\x09\x09\x09\x3C\x41\x63"
    "\x74\x69\x6F\x6E\x52\x65\x66\x65\x72\x65\x6E\x63\x65\x20\x4E\x61"
    "\x6D\x65\x3D\x22\x53\x69\x74\x41\x6E\x64\x4C\x6F\x6F\x6B\x41\x74"
    "\x4D\x6F\x75\x73\x65\x22\x20\x44\x75\x72\x61\x74\x69\x6F\x6E\x3D"
    "\x22\x24\x7B\x31\x30\x2B\x4D\x61\x74\x68\x2E\x72\x61\x6E\x64\x6F"
    "\x6D\x28\x29\x2A\x31\x30\x7D\x22\x20\x2F\x3E\x0D\x0A\x09\x09\x09"
    "\x3C\x41\x63\x74\x69\x6F\x6E\x52\x65\x66\x65\x72\x65\x6E\x63\x65"
    "\x20\x4E\x61\x6D\x65\x3D\x22\x4C\x6F\x6F\x6B\x22\x20\x4C\x6F\x6F"
    "\x6B\x52\x69\x67\x68\x74\x3D\x22\x24\x7B\x6D\x61\x73\x63\x6F\x74"
    "\x2E\x61\x6E\x63\x68\x6F\x72\x2E\x78\x20\x26\x6C\x74\x3B\x20\x6D"
    "\x61\x73\x63\x6F\x74\x2E\x65\x6E\x76\x69\x72\x6F\x6E\x6D\x65\x6E"
    "\x74\x2E\x63\x75\x72\x73\x6F\x72\x2E\x78\x7D\x22\x20\x2F\x3E\x0D"
    "\x0A\x09\x09\x09\x3C\x41\x63\x74\x69\x6F\x6E\x52\x65\x66\x65\x72"
    "\x65\x6E\x63\x65\x20\x4E\x61\x6D\x65\x3D\x22\x53\x69\x74\x41\x6E"
    "\x64\x4C\x6F\x6F\x6B\x41\x74\x4D\x6F\x75\x73\x65\x22\x20\x44\x75"
    "\x72\x61\x74\x69\x6F\x6E\x3D\x22\x24\x7B\x31\x30\x2B\x4D\x61\x74"
    "\x68\x2E\x72\x61\x6E\x64\x6F\x6D\x28\x29\x2A\x31\x30\x7D\x22\x20"
    "\x2F\x3E\x0D\x0A\x09\x09\x09\x3C\x41\x63\x74\x69\x6F\x6E\x52\x65"
    "\x66\x65\x72\x65\x6E\x63\x65\x20\x4E\x61\x6D\x65\x3D\x22\x4C\x6F"
    "\x6F\x6B\x22\x20\x4C\x6F\x6F\x6B\x52\x69\x67\x68\x74\x3D\x22\x24"
    "\x7B\x6D\x61\x73\x63\x6F\x74\x2E\x61\x6E\x63\x68\x6F\x72\x2E\x78"
    "\x20\x26\x6C\x74\x3B\x20\x6D\x61\x73\x63\x6F\x74\x2E\x65\x6E\x76"
    "\x69\x72\x6F\x6E\x6D\x65\x6E\x74\x2E\x63\x75\x72\x73\x6F\x72\x2E"
    "\x78\x7D\x22\x20\x2F\x3E\x0D\x0A\x09\x09\x09\x3C\x41\x63\x74\x69"
    "\x6F\x6E\x52\x65\x66\x65\x72\x65\x6E\x63\x65\x20\x4E\x61\x6D\x65"
    "\x3D\x22\x53\x69\x74\x41\x6E\x64\x4C\x6F\x6F\x6B\x41\x74\x4D\x6F"
    "\x75\x73\x65\x22\x20\x44\x75\x72\x61\x74\x69\x6F\x6E\x3D\x22\x24"
    "\x7B\x31\x30\x2B\x4D\x61\x74\x68\x2E\x72\x61\x6E\x64\x6F\x6D\x28"
    "\x29\x2A\x31\x30\x7D\x22\x20\x2F\x3E\x0D\x0A\x09\x09\x09\x3C\x41"
    "\x63\x74\x69\x6F\x6E\x52\x65\x66\x65\x72\x65\x6E\x63\x65\x20\x4E"
    "\x61\x6D\x65\x3D\x22\x4C\x6F\x6F\x6B\x22\x20\x4C\x6F\x6F\x6B\x52"
    "\x69\x67\x68\x74\x3D\x22\x24\x7B\x6D\x61\x73\x63\x6F\x74\x2E\x61"
    "\x6E\x63\x68\x6F\x72\x2E\x78\x20\x26\x6C\x74\x3B\x20\x6D\x61\x73"
    "\x63\x6F\x74\x2E\x65\x6E\x76\x69\x72\x6F\x6E\x6D\x65\x6E\x74\x2E"
    "\x63\x75\x72\x73\x6F\x72\x2E\x78\x7D\x22\x20\x2F\x3E\x0D\x0A\x09"
    "\x09\x09\x3C\x41\x63\x74\x69\x6F\x6E\x52\x65\x66\x65\x72\x65\x6E"
    "\x63\x65\x20\x4E\x61\x6D\x65\x3D\x22\x53\x69\x74\x41\x6E\x64\x4C"
    "\x6F\x6F\x6B\x41\x74\x4D\x6F\x75\x73\x65\x22\x20\x44\x75\x72\x61"
    "\x74\x69\x6F\x6E\x3D\x22\x24\x7B\x31\x30\x2B\x4D\x61\x74\x68\x2E"
    "\x72\x61\x6E\x64\x6F\x6D\x28\x29\x2A\x31\x30\x7D\x22\x20\x2F\x3E"
    "\x0D\x0A\x09\x09\x09\x3C\x41\x63\x74\x69\x6F\x6E\x52\x65\x66\x65"
    "\x72\x65\x6E\x63\x65\x20\x4E\x61\x6D\x65\x3D\x22\x4C\x6F\x6F\x6B"
    "\x22\x20\x4C\x6F\x6F\x6B\x52\x69\x67\x68\x74\x3D\x22\x24\x7B\x6D"
    "\x61\x73\x63\x6F\x74\x2E\x61\x6E\x63\x68\x6F\x72\x2E\x78\x20\x26"
    "\x6C\x74\x3B\x20\x6D\x61\x73\x63\x6F\x74\x2E\x65\x6E\x76\x69\x72"
    "\x6F\x6E\x6D\x65\x6E\x74\x2E\x63\x75\x72\x73\x6F\x72\x2E\x78\x7D"
    "\x22\x20\x2F\x3E\x0D\x0A\x09\x09\x09\x3C\x41\x63\x74\x69\x6F\x6E"
    "\x52\x65\x66\x65\x72\x65\x6E\x63\x65\x20\x4E\x61\x6D\x65\x3D\x22"
    "\x53\x69\x74\x41\x6E\x64\x4C\x6F\x6F\x6B\x41\x74\x4D\x6F\x75\x73"
    "\x65\x22\x20\x44\x75\x72\x61\x74\x69\x6F\x6E\x3D\x22\x24\x7B\x31"
    "\x30\x2B\x4D\x61\x74\x68\x2E\x72\x61\x6E\x64\x6F\x6D\x28\x29\x2A"
    "\x31\x30\x7D\x22\x20\x2F\x3E\x0D\x0A\x09\x09\x09\x3C\x41\x63\x74"
    "\x69\x6F\x6E\x52\x65\x66\x65\x72\x65\x6E\x63\x65\x20\x4E\x61\x6D"
    "\x65\x3D\x22\x4C\x6F\x6F\x6B\x22\x20\x4C\x6F\x6F\x6B\x52\x69\x67"
    "\x68\x74\x3D\x22\x24\x7B\x6D\x61\x73\x63\x6F\x74\x2E\x61\x6E\x63"
    "\x68\x6F\x72\x2E\x78\x20\x26\x6C\x74\x3B\x20\x6D\x61\x73\x63\x6F"
    "\x74\x2E\x65\x6E\x76\x69\x72\x6F\x6E\x6D\x65\x6E\x74\x2E\x63\x75"
    "\x72\x73\x6F\x72\x2E\x78\x7D\x22\x20\x2F\x3E\x0D\x0A\x09\x09\x09"
    "\x3C\x41\x63\x74\x69\x6F\x6E\x52\x65\x66\x65\x72\x65\x6E\x63\x65"
    "\x20\x4E\x61\x6D\x65\x3D\x22\x53\x69\x74\x41\x6E\x64\x4C\x6F\x6F"
    "\x6B\x41\x74\x4D\x6F\x75\x73\x65\x22\x20\x44\x75\x72\x61\x74\x69"
    "\x6F\x6E\x3D\x22\x24\x7B\x31\x30\x2B\x4D\x61\x74\x68\x2E\x72\x61"
    "\x6E\x64\x6F\x6D\x28\x29\x2A\x31\x30\x7D\x22\x20\x2F\x3E\x0D\x0A"
    "\x09\x09\x09\x3C\x41\x63\x74\x69\x6F\x6E\x52\x65\x66\x65\x72\x65"
    "\x6E\x63\x65\x20\x4E\x61\x6D\x65\x3D\x22\x4C\x6F\x6F\x6B\x22\x20"
    "\x4C\x6F\x6F\x6B\x52\x69\x67\x68\x74\x3D\x22\x24\x7B\x6D\x61\x73"
    "\x63\x6F\x74\x2E\x61\x6E\x63\x68\x6F\x72\x2E\x78\x20\x26\x6C\x74"
    "\x3B\x20\x6D\x61\x73\x63\x6F\x74\x2E\x65\x6E\x76\x69\x72\x6F\x6E"
    "\x6D\x65\x6E\x74\x2E\x63\x75\x72\x73\x6F\x72\x2E\x78\x7D\x22\x20"
    "\x2F\x3E\x0D\x0A\x09\x09\x09\x3C\x41\x63\x74\x69\x6F\x6E\x52\x65"
    "\x66\x65\x72\x65\x6E\x63\x65\x20\x4E\x61\x6D\x65\x3D\x22\x53\x69"
    "\x74\x41\x6E\x64\x4C\x6F\x6F\x6B\x41\x74\x4D\x6F\x75\x73\x65\x22"
    "\x20\x44\x75\x72\x61\x74\x69\x6F\x6E\x3D\x22\x24\x7B\x31\x30\x2B"
    "\x4D\x61\x74\x68\x2E\x72\x61\x6E\x64\x6F\x6D\x28\x29\x2A\x31\x30"
    "\x7D\x22\x20\x2F\x3E\x0D\x0A\x09\x09\x09\x3C\x41\x63\x74\x69\x6F"
    "\x6E\x52\x65\x66\x65\x72\x65\x6E\x63\x65\x20\x4E\x61\x6D\x65\x3D"
    "\x22\x4C\x6F\x6F\x6B\x22\x20\x4C\x6F\x6F\x6B\x52\x69\x67\x68\x74"
    "\x3D\x22\x24\x7B\x6D\x61\x73\x63\x6F\x74\x2E\x61\x6E\x63\x68\x6F"
    "\x72\x2E\x78\x20\x26\x6C\x74\x3B\x20\x6D\x61\x73\x63\x6F\x74\x2E"
    "\x65\x6E\x76\x69\x72\x6F\x6E\x6D\x65\x6E\x74\x2E\x63\x75\x72\x73"
    "\x6F\x72\x2E\x78\x7D\x22\x20\x2F\x3E\x0D\x0A\x09\x09\x09\x3C\x41"
    "\x63\x74\x69\x6F\x6E\x52\x65\x66\x65\x72\x65\x6E\x63\x65\x20\x4E"
    "\x61\x6D\x65\x3D\x22\x53\x69\x74\x41\x6E\x64\x4C\x6F\x6F\x6B\x41"
    "\x74\x4D\x6F\x75\x73\x65\x22\x20\x44\x75\x72\x61\x74\x69\x6F\x6E"
    "\x3D\x22\x24\x7B\x31\x30\x2B\x4D\x61\x74\x68\x2E\x72\x61\x6E\x64"
    "\x6F\x6D\x28\x29\x2A\x31\x30\x7D\x22\x20\x2F\x3E\x0D\x0A\x09\x09"
    "\x09\x3C\x41\x63\x74\x69\x6F\x6E\x52\x65\x66\x65\x72\x65\x6E\x63"
    "\x65\x20\x4E\x61\x6D\x65\x3D\x22\x4C\x6F\x6F\x6B\x22\x20\x4C\x6F"
    "\x6F\x6B\x52\x69\x67\x68\x74\x3D\x22\x24\x7B\x6D\x61\x73\x63\x6F"
    "\x74\x2E\x61\x6E\x63\x68\x6F\x72\x2E\x78\x20\x26\x6C\x74\x3B\x20"
    "\x6D\x61\x73\x63\x6F\x74\x2E\x65\x6E\x76\x69\x72\x6F\x6E\x6D\x65"
    "\x6E\x74\x2E\x63\x75\x72\x73\x6F\x72\x2E\x78\x7D\x22\x20\x2F\x3E"
    "\x0D\x0A\x09\x09\x09\x3C\x41\x63\x74\x69\x6F\x6E\x52\x65\x66\x65"
    "\x72\x65\x6E\x63\x65\x20\x4E\x61\x6D\x65\x3D\x22\x53\x69\x74\x41"
    "\x6E\x64\x4C\x6F\x6F\x6B\x41\x74\x4D\x6F\x75\x73\x65\x22\x20\x44"
    "\x75\x72\x61\x74\x69\x6F\x6E\x3D\x22\x24\x7B\x31\x30\x2B\x4D\x61"
    "\x74\x68\x2E\x72\x61\x6E\x64\x6F\x6D\x28\x29\x2A\x31\x30\x7D\x22"
    "\x20\x2F\x3E\x0D\x0A\x09\x09\x09\x3C\x41\x63\x74\x69\x6F\x6E\x52"
    "\x65\x66\x65\x72\x65\x6E\x63\x65\x20\x4E\x61\x6D\x65\x3D\x22\x4C"
    "\x6F\x6F\x6B\x22\x20\x4C\x6F\x6F\x6B\x52\x69\x67\x68\x74\x3D\x22"
    "\x24\x7B\x6D\x61\x73\x63\x6F\x74\x2E\x61\x6E\x63\x68\x6F\x72\x2E"
    "\x78\x20\x26\x6C\x74\x3B\x20\x6D\x61\x73\x63\x6F\x74\x2E\x65\x6E"
    "\x76\x69\x72\x6F\x6E\x6D\x65\x6E\x74\x2E\x63\x75\x72\x73\x6F\x72"
    "\x2E\x78\x7D\x22\x20\x2F\x3E\x0D\x0A\x09\x09\x09\x3C\x41\x63\x74"
    "\x69\x6F\x6E\x52\x65\x66\x65\x72\x65\x6E\x63\x65\x20\x4E\x61\x6D"
    "\x65\x3D\x22\x53\x69\x74\x41\x6E\x64\x4C\x6F\x6F\x6B\x41\x74\x4D"
    "\x6F\x75\x73\x65\x22\x20\x44\x75\x72\x61\x74\x69\x6F\x6E\x3D\x22"
    "\x24\x7B\x31\x30\x2B\x4D\x61\x74\x68\x2E\x72\x61\x6E\x64\x6F\x6D"
    "\x28\x29\x2A\x31\x30\x7D\x22\x20\x2F\x3E\x0D\x0A\x09\x09\x09\x3C"
    "\x41\x63\x74\x69\x6F\x6E\x52\x65\x66\x65\x72\x65\x6E\x63\x65\x20"
    "\x4E\x61\x6D\x65\x3D\x22\x4C\x6F\x6F\x6B\x22\x20\x4C\x6F\x6F\x6B"
    "\x52\x69\x67\x68\x74\x3D\x22\x24\x7B\x6D\x61\x73\x63\x6F\x74\x2E"
    "\x61\x6E\x63\x68\x6F\x72\x2E\x78\x20\x26\x6C\x74\x3B\x20\x6D\x61"
    "\x73\x63\x6F\x74\x2E\x65\x6E\x76\x69\x72\x6F\x6E\x6D\x65\x6E\x74"
    "\x2E\x63\x75\x72\x73\x6F\x72\x2E\x78\x7D\x22\x20\x2F\x3E\x0D\x0A"
    "\x09\x09\x3C\x2F\x41\x63\x74\x69\x6F\x6E\x3E\x0D\x0A\x09\x09\x3C"
    "\x41\x63\x74\x69\x6F\x6E\x20\x4E\x61\x6D\x65\x3D\x22\x53\x69\x74"
    "\x41\x6E\x64\x53\x70\x69\x6E\x48\x65\x61\x64\x22\x20\x54\x79\x70"
    "\x65\x3D\x22\x53\x65\x71\x75\x65\x6E\x63\x65\x22\x20\x4C\x6F\x6F"
    "\x70\x3D\x22\x66\x61\x6C\x73\x65\x22\x3E\x0D\x0A\x09\x09\x09\x3C"
    "\x41\x63\x74\x69\x6F\x6E\x52\x65\x66\x65\x72\x65\x6E\x63\x65\x20"
    "\x4E\x61\x6D\x65\x3D\x22\x53\x69\x74\x41\x6E\x64\x53\x70\x69\x6E"
    "\x48\x65\x61\x64\x41\x63\x74\x69\x6F\x6E\x22\x20\x2F\x3E\x0D\x0A"
    "\x09\x09\x3C\x2F\x41\x63\x74\x69\x6F\x6E\x3E\x0D\x0A\x0D\x0A\x09"
    "\x09\x3C\x41\x63\x74\x69\x6F\x6E\x20\x4E\x61\x6D\x65\x3D\x22\x50"
    "\x75\x6C\x6C\x55\x70\x53\x68\x69\x6D\x65\x6A\x69\x31\x22\x20\x54"
    "\x79\x70\x65\x3D\x22\x45\x6D\x62\x65\x64\x64\x65\x64\x22\x20\x43"
    "\x6C\x61\x73\x73\x3D\x22\x63\x6F\x6D\x2E\x67\x72\x6F\x75\x70\x5F"
    "\x66\x69\x6E\x69\x74\x79\x2E\x6D\x61\x73\x63\x6F\x74\x2E\x61\x63"
    "\x74\x69\x6F\x6E\x2E\x42\x72\x65\x65\x64\x22\x0D\x0A\x09\x09\x09"
    "\x42\x6F\x72\x6E\x58\x3D\x22\x2D\x33\x32\x22\x20\x42\x6F\x72\x6E"
    "\x59\x3D\x22\x39\x36\x22\x20\x42\x6F\x72\x6E\x42\x65\x68\x61\x76"
    "\x69\x6F\x72\x3D\x22\x50\x75\x6C\x6C\x55\x70\x22\x3E\x0D\x0A\x09"
    "\x09\x09\x3C\x41\x6E\x69\x6D\x61\x74\x69\x6F\x6E\x3E\x0D\x0A\x09"
    "\x09\x09\x09\x3C\x50\x6F\x73\x65\x20\x49\x6D\x61\x67\x65\x3D\x22"
    "\x2F\x73\x68\x69\x6D\x65\x31\x2E\x70\x6E\x67\x22\x20\x49\x6D\x61"
    "\x67\x65\x41\x6E\x63\x68\x6F\x72\x3D\x22\x36\x34\x2C\x31\x32\x38"
    "\x22\x20\x56\x65\x6C\x6F\x63\x69\x74\x79\x3D\x22\x30\x2C\x30\x22"
    "\x20\x44\x75\x72\x61\x74\x69\x6F\x6E\x3D\x22\x31\x36\x22\x20\x2F"
    "\x3E\x0D\x0A\x09\x09\x09\x09\x3C\x50\x6F\x73\x65\x20\x49\x6D\x61"
    "\x67\x65\x3D\x22\x2F\x73\x68\x69\x6D\x65\x33\x38\x2E\x70\x6E\x67"
    "\x22\x20\x49\x6D\x61\x67\x65\x41\x6E\x63\x68\x6F\x72\x3D\x22\x39"
    "\x36\x2C\x31\x32\x38\x22\x20\x56\x65\x6C\x6F\x63\x69\x74\x79\x3D"
    "\x22\x30\x2C\x30\x22\x20\x44\x75\x72\x61\x74\x69\x6F\x6E\x3D\x22"
    "\x34\x22\x20\x2F\x3E\x0D\x0A\x09\x09\x09\x09\x3C\x50\x6F\x73\x65"
    "\x20\x49\x6D\x61\x67\x65\x3D\x22\x2F\x73\x68\x69\x6D\x65\x33\x39"
    "\x2E\x70\x6E\x67\x22\x20\x49\x6D\x61\x67\x65\x41\x6E\x63\x68\x6F"
    "\x72\x3D\x22\x39\x36\x2C\x31\x32\x38\x22\x20\x56\x65\x6C\x6F\x63"
    "\x69\x74\x79\x3D\x22\x30\x2C\x30\x22\x20\x44\x75\x72\x61\x74\x69"
    "\x6F\x6E\x3D\x22\x34\x30\x22\x20\x2F\x3E\x0D\x0A\x09\x09\x09\x09"
    "\x3C\x50\x6F\x73\x65\x20\x49\x6D\x61\x67\x65\x3D\x22\x2F\x73\x68"
    "\x69\x6D\x65\x34\x30\x2E\x70\x6E\x67\x22\x20\x49\x6D\x61\x67\x65"
    "\x41\x6E\x63\x68\x6F\x72\x3D\x22\x39\x36\x2C\x31\x32\x38\x22\x20"
    "\x56\x65\x6C\x6F\x63\x69\x74\x79\x3D\x22\x30\x2C\x30\x22\x20\x44"
    "\x75\x72\x61\x74\x69\x6F\x6E\x3D\x22\x34\x30\x22\x20\x2F\x3E\x0D"
    "\x0A\x09\x09\x09\x09\x3C\x50\x6F\x73\x65\x20\x49\x6D\x61\x67\x65"
    "\x3D\x22\x2F\x73\x68\x69\x6D\x65\x34\x31\x2E\x70\x6E\x67\x22\x20"
    "\x49\x6D\x61\x67\x65\x41\x6E\x63\x68\x6F\x72\x3D\x22\x39\x36\x2C"
    "\x31\x32\x38\x22\x20\x56\x65\x6C\x6F\x63\x69\x74\x79\x3D\x22\x30"
    "\x2C\x30\x22\x20\x44\x75\x72\x61\x74\x69\x6F\x6E\x3D\x22\x34\x30"
    "\x22\x20\x2F\x3E\x0D\x0A\x09\x09\x09\x3C\x2F\x41\x6E\x69\x6D\x61"
    "\x74\x69\x6F\x6E\x3E\x0D\x0A\x09\x09\x3C\x2F\x41\x63\x74\x69\x6F"
    "\x6E\x3E\x0D\x0A\x09\x09\x3C\x41\x63\x74\x69\x6F\x6E\x20\x4E\x61"
    "\x6D\x65\x3D\x22\x50\x75\x6C\x6C\x55\x70\x53\x68\x69\x6D\x65\x6A"
    "\x69\x32\x22\x20\x54\x79\x70\x65\x3D\x22\x41\x6E\x69\x6D\x61\x74"
    "\x65\x22\x3E\x0D\x0A\x09\x09\x09\x3C\x41\x6E\x69\x6D\x61\x74\x69"
    "\x6F\x6E\x3E\x0D\x0A\x09\x09\x09\x09\x3C\x50\x6F\x73\x65\x20\x49"
    "\x6D\x61\x67\x65\x3D\x22\x2F\x73\x68\x69\x6D\x65\x39\x2E\x70\x6E"
    "\x67\x22\x20\x49\x6D\x61\x67\x65\x41\x6E\x63\x68\x6F\x72\x3D\x22"
    "\x33\x32\x2C\x31\x32\x38\x22\x20\x56\x65\x6C\x6F\x63\x69\x74\x79"
    "\x3D\x22\x32\x30\x2C\x2D\x32\x30\x22\x20\x44\x75\x72\x61\x74\x69"
    "\x6F\x6E\x3D\x22\x31\x22\x20\x2F\x3E\x0D\x0A\x09\x09\x09\x09\x3C"
    "\x50\x6F\x73\x65\x20\x49\x6D\x61\x67\x65\x3D\x22\x2F\x73\x68\x69"
    "\x6D\x65\x39\x2E\x70\x6E\x67\x22\x20\x49\x6D\x61\x67\x65\x41\x6E"
    "\x63\x68\x6F\x72\x3D\x22\x33\x32\x2C\x31\x32\x38\x22\x20\x56\x65"
    "\x6C\x6F\x63\x69\x74\x79\x3D\x22\x32\x30\x2C\x2D\x31\x30\x22\x20"
    "\x44\x75\x72\x61\x74\x69\x6F\x6E\x3D\x22\x31\x22\x20\x2F\x3E\x0D"
    "\x0A\x09\x09\x09\x09\x3C\x50\x6F\x73\x65\x20\x49\x6D\x61\x67\x65"
    "\x3D\x22\x2F\x73\x68\x69\x6D\x65\x39\x2E\x70\x6E\x67\x22\x20\x49"
    "\x6D\x61\x67\x65\x41\x6E\x63\x68\x6F\x72\x3D\x22\x33\x32\x2C\x31"
    "\x32\x38\x22\x20\x56\x65\x6C\x6F\x63\x69\x74\x79\x3D\x22\x32\x30"
    "\x2C\x2D\x35\x22\x20\x44\x75\x72\x61\x74\x69\x6F\x6E\x3D\x22\x31"
    "\x22\x20\x2F\x3E\x0D\x0A\x09\x09\x09\x3C\x2F\x41\x6E\x69\x6D\x61"
    "\x74\x69\x6F\x6E\x3E\x0D\x0A\x09\x09\x3C\x2F\x41\x63\x74\x69\x6F"
    "\x6E\x3E\x0D\x0A\x09\x09\x3C\x41\x63\x74\x69\x6F\x6E\x20\x4E\x61"
    "\x6D\x65\x3D\x22\x50\x75\x6C\x6C\x55\x70\x53\x68\x69\x6D\x65\x6A"
    "\x69\x22\x20\x54\x79\x70\x65\x3D\x22\x53\x65\x71\x75\x65\x6E\x63"
    "\x65\x22\x3E\x0D\x0A\x09\x09\x09\x3C\x41\x63\x74\x69\x6F\x6E\x52"
    "\x65\x66\x65\x72\x65\x6E\x63\x65\x20\x4E\x61\x6D\x65\x3D\x22\x50"
    "\x75\x6C\x6C\x55\x70\x53\x68\x69\x6D\x65\x6A\x69\x31\x22\x20\x2F"
    "\x3E\x0D\x0A\x09\x09\x09\x3C\x41\x63\x74\x69\x6F\x6E\x52\x65\x66"
    "\x65\x72\x65\x6E\x63\x65\x20\x4E\x61\x6D\x65\x3D\x22\x50\x75\x6C"
    "\x6C\x55\x70\x53\x68\x69\x6D\x65\x6A\x69\x32\x22\x20\x2F\x3E\x0D"
    "\x0A\x09\x09\x09\x3C\x41\x63\x74\x69\x6F\x6E\x52\x65\x66\x65\x72"
    "\x65\x6E\x63\x65\x20\x4E\x61\x6D\x65\x3D\x22\x46\x61\x6C\x6C\x69"
    "\x6E\x67\x22\x20\x49\x6E\x69\x74\x69\x61\x6C\x56\x58\x3D\x22\x24"
    "\x7B\x6D\x61\x73\x63\x6F\x74\x2E\x6C\x6F\x6F\x6B\x52\x69\x67\x68"
    "\x74\x20\x3F\x20\x2D\x32\x30\x20\x3A\x20\x32\x30\x7D\x22\x2F\x3E"
    "\x0D\x0A\x09\x09\x09\x3C\x41\x63\x74\x69\x6F\x6E\x52\x65\x66\x65"
    "\x72\x65\x6E\x63\x65\x20\x4E\x61\x6D\x65\x3D\x22\x42\x6F\x75\x6E"
    "\x63\x69\x6E\x67\x22\x20\x2F\x3E\x0D\x0A\x09\x09\x09\x3C\x41\x63"
    "\x74\x69\x6F\x6E\x52\x65\x66\x65\x72\x65\x6E\x63\x65\x20\x4E\x61"
    "\x6D\x65\x3D\x22\x53\x70\x72\x61\x77\x6C\x22\x20\x44\x75\x72\x61"
    "\x74\x69\x6F\x6E\x3D\x22\x34\x30\x22\x20\x2F\x3E\x0D\x0A\x09\x09"
    "\x3C\x2F\x41\x63\x74\x69\x6F\x6E\x3E\x0D\x0A\x0D\x0A\x09\x09\x3C"
    "\x41\x63\x74\x69\x6F\x6E\x20\x4E\x61\x6D\x65\x3D\x22\x50\x75\x6C"
    "\x6C\x55\x70\x22\x20\x54\x79\x70\x65\x3D\x22\x53\x65\x71\x75\x65"
    "\x6E\x63\x65\x22\x3E\x0D\x0A\x09\x09\x09\x3C\x41\x63\x74\x69\x6F"
    "\x6E\x52\x65\x66\x65\x72\x65\x6E\x63\x65\x20\x4E\x61\x6D\x65\x3D"
    "\x22\x46\x61\x6C\x6C\x69\x6E\x67\x22\x20\x49\x6E\x69\x74\x69\x61"
    "\x6C\x56\x58\x3D\x22\x24\x7B\x6D\x61\x73\x63\x6F\x74\x2E\x6C\x6F"
    "\x6F\x6B\x52\x69\x67\x68\x74\x20\x3F\x20\x31\x30\x20\x3A\x20\x2D"
    "\x31\x30\x7D\x22\x20\x49\x6E\x69\x74\x69\x61\x6C\x56\x59\x3D\x22"
    "\x2D\x34\x30\x22\x2F\x3E\x0D\x0A\x09\x09\x09\x3C\x41\x63\x74\x69"
    "\x6F\x6E\x52\x65\x66\x65\x72\x65\x6E\x63\x65\x20\x4E\x61\x6D\x65"
    "\x3D\x22\x42\x6F\x75\x6E\x63\x69\x6E\x67\x22\x20\x2F\x3E\x0D\x0A"
    "\x09\x09\x3C\x2F\x41\x63\x74\x69\x6F\x6E\x3E\x0D\x0A\x09\x09\x3C"
    "\x41\x63\x74\x69\x6F\x6E\x20\x4E\x61\x6D\x65\x3D\x22\x44\x69\x76"
    "\x69\x64\x65\x31\x22\x20\x54\x79\x70\x65\x3D\x22\x45\x6D\x62\x65"
    "\x64\x64\x65\x64\x22\x20\x43\x6C\x61\x73\x73\x3D\x22\x63\x6F\x6D"
    "\x2E\x67\x72\x6F\x75\x70\x5F\x66\x69\x6E\x69\x74\x79\x2E\x6D\x61"
    "\x73\x63\x6F\x74\x2E\x61\x63\x74\x69\x6F\x6E\x2E\x42\x72\x65\x65"
    "\x64\x22\x0D\x0A\x09\x09\x09\x42\x6F\x72\x6E\x58\x3D\x22\x2D\x31"
    "\x36\x22\x20\x42\x6F\x72\x6E\x59\x3D\x22\x30\x22\x20\x42\x6F\x72"
    "\x6E\x42\x65\x68\x61\x76\x69\x6F\x72\x3D\x22\x44\x69\x76\x69\x64"
    "\x65\x64\x22\x3E\x0D\x0A\x09\x09\x09\x3C\x41\x6E\x69\x6D\x61\x74"
    "\x69\x6F\x6E\x3E\x0D\x0A\x09\x09\x09\x09\x3C\x50\x6F\x73\x65\x20"
    "\x49\x6D\x61\x67\x65\x3D\x22\x2F\x73\x68\x69\x6D\x65\x34\x32\x2E"
    "\x70\x6E\x67\x22\x20\x49\x6D\x61\x67\x65\x41\x6E\x63\x68\x6F\x72"
    "\x3D\x22\x36\x34\x2C\x31\x32\x38\x22\x20\x56\x65\x6C\x6F\x63\x69"
    "\x74\x79\x3D\x22\x30\x2C\x30\x22\x20\x44\x75\x72\x61\x74\x69\x6F"
    "\x6E\x3D\x22\x35\x22\x20\x2F\x3E\x0D\x0A\x09\x09\x09\x09\x3C\x50"
    "\x6F\x73\x65\x20\x49\x6D\x61\x67\x65\x3D\x22\x2F\x73\x68\x69\x6D"
    "\x65\x34\x33\x2E\x70\x6E\x67\x22\x20\x49\x6D\x61\x67\x65\x41\x6E"
    "\x63\x68\x6F\x72\x3D\x22\x36\x34\x2C\x31\x32\x38\x22\x20\x56\x65"
    "\x6C\x6F\x63\x69\x74\x79\x3D\x22\x30\x2C\x30\x22\x20\x44\x75\x72"
    "\x61\x74\x69\x6F\x6E\x3D\x22\x32\x22\x20\x2F\x3E\x0D\x0A\x09\x09"
    "\x09\x09\x3C\x50\x6F\x73\x65\x20\x49\x6D\x61\x67\x65\x3D\x22\x2F"
    "\x73\x68\x69\x6D\x65\x34\x34\x2E\x70\x6E\x67\x22\x20\x49\x6D\x61"
    "\x67\x65\x41\x6E\x63\x68\x6F\x72\x3D\x22\x36\x34\x2C\x31\x32\x38"
    "\x22\x20\x56\x65\x6C\x6F\x63\x69\x74\x79\x3D\x22\x30\x2C\x30\x22"
    "\x20\x44\x75\x72\x61\x74\x69\x6F\x6E\x3D\x22\x32\x22\x20\x2F\x3E"
    "\x0D\x0A\x09\x09\x09\x09\x3C\x50\x6F\x73\x65\x20\x49\x6D\x61\x67"
    "\x65\x3D\x22\x2F\x73\x68\x69\x6D\x65\x34\x35\x2E\x70\x6E\x67\x22"
    "\x20\x49\x6D\x61\x67\x65\x41\x6E\x63\x68\x6F\x72\x3D\x22\x36\x34"
    "\x2C\x31\x32\x38\x22\x20\x56\x65\x6C\x6F\x63\x69\x74\x79\x3D\x22"
    "\x30\x2C\x30\x22\x20\x44\x75\x72\x61\x74\x69\x6F\x6E\x3D\x22\x35"
    "\x22\x20\x2F\x3E\x0D\x0A\x09\x09\x09\x09\x3C\x50\x6F\x73\x65\x20"
    "\x49\x6D\x61\x67\x65\x3D\x22\x2F\x73\x68\x69\x6D\x65\x34\x36\x2E"
    "\x70\x6E\x67\x22\x20\x49\x6D\x61\x67\x65\x41\x6E\x63\x68\x6F\x72"
    "\x3D\x22\x36\x34\x2C\x31\x32\x38\x22\x20\x56\x65\x6C\x6F\x63\x69"
    "\x74\x79\x3D\x22\x30\x2C\x30\x22\x20\x44\x75\x72\x61\x74\x69\x6F"
    "\x6E\x3D\x22\x32\x30\x22\x20\x2F\x3E\x0D\x0A\x09\x09\x09\x3C\x2F"
    "\x41\x6E\x69\x6D\x61\x74\x69\x6F\x6E\x3E\x0D\x0A\x09\x09\x3C\x2F"
    "\x41\x63\x74\x69\x6F\x6E\x3E\x0D\x0A\x09\x09\x3C\x41\x63\x74\x69"
    "\x6F\x6E\x20\x4E\x61\x6D\x65\x3D\x22\x53\x70\x6C\x69\x74\x49\x6E"
    "\x74\x6F\x54\x77\x6F\x22\x20\x54\x79\x70\x65\x3D\x22\x53\x65\x71"
    "\x75\x65\x6E\x63\x65\x22\x3E\x0D\x0A\x09\x09\x09\x3C\x41\x63\x74"
    "\x69\x6F\x6E\x52\x65\x66\x65\x72\x65\x6E\x63\x65\x20\x4E\x61\x6D"
    "\x65\x3D\x22\x44\x69\x76\x69\x64\x65\x31\x22\x20\x2F\x3E\x0D\x0A"
    "\x09\x09\x09\x3C\x41\x63\x74\x69\x6F\x6E\x52\x65\x66\x65\x72\x65"
    "\x6E\x63\x65\x20\x4E\x61\x6D\x65\x3D\x22\x4F\x66\x66\x73\x65\x74"
    "\x22\x20\x58\x3D\x22\x31\x36\x22\x20\x2F\x3E\x0D\x0A\x09\x09\x09"
    "\x3C\x41\x63\x74\x69\x6F\x6E\x52\x65\x66\x65\x72\x65\x6E\x63\x65"
    "\x20\x4E\x61\x6D\x65\x3D\x22\x4C\x6F\x6F\x6B\x22\x20\x2F\x3E\x0D"
    "\x0A\x09\x09\x09\x3C\x41\x63\x74\x69\x6F\x6E\x52\x65\x66\x65\x72"
    "\x65\x6E\x63\x65\x20\x4E\x61\x6D\x65\x3D\x22\x44\x69\x76\x69\x64"
    "\x65\x64\x22\x20\x2F\x3E\x0D\x0A\x09\x09\x3C\x2F\x41\x63\x74\x69"
    "\x6F\x6E\x3E\x0D\x0A\x09\x09\x3C\x41\x63\x74\x69\x6F\x6E\x20\x4E"
    "\x61\x6D\x65\x3D\x22\x44\x69\x76\x69\x64\x65\x64\x22\x20\x54\x79"
    "\x70\x65\x3D\x22\x53\x65\x71\x75\x65\x6E\x63\x65\x22\x3E\x0D\x0A"
    "\x09\x09\x09\x3C\x41\x63\x74\x69\x6F\x6E\x52\x65\x66\x65\x72\x65"
    "\x6E\x63\x65\x20\x4E\x61\x6D\x65\x3D\x22\x46\x61\x6C\x6C\x69\x6E"
    "\x67\x22\x20\x49\x6E\x69\x74\x69\x61\x6C\x56\x58\x3D\x22\x24\x7B"
    "\x6D\x61\x73\x63\x6F\x74\x2E\x6C\x6F\x6F\x6B\x52\x69\x67\x68\x74"
    "\x20\x3F\x20\x31\x30\x20\x3A\x20\x2D\x31\x30\x7D\x22\x20\x49\x6E"
    "\x69\x74\x69\x61\x6C\x56\x59\x3D\x22\x2D\x35\x22\x2F\x3E\x0D\x0A"
    "\x09\x09\x09\x3C\x41\x63\x74\x69\x6F\x6E\x52\x65\x66\x65\x72\x65"
    "\x6E\x63\x65\x20\x4E\x61\x6D\x65\x3D\x22\x42\x6F\x75\x6E\x63\x69"
    "\x6E\x67\x22\x20\x2F\x3E\x0D\x0A\x09\x09\x3C\x2F\x41\x63\x74\x69"
    "\x6F\x6E\x3E\x0D\x0A\x09\x3C\x2F\x41\x63\x74\x69\x6F\x6E\x4C\x69"
    "\x73\x74\x3E\x0D\x0A\x0D\x0A\x3C\x2F\x4D\x61\x73\x63\x6F\x74\x3E"
    "\x0D\x0A"
;
static const size_t default_actions_len = 38930
;
